"sk_barrio_medicion","valor_comercial","valor_m2"
"2008_0101",320000,2133.33333333333
"2008_0103",4e+05,25000
"2008_0104",205000,2388.10824876399
"2008_0106",250000,5208.33333333333
"2008_0107",2e+05,7407.40740740741
"2008_0108",170000,8947.36842105263
"2008_0109",110000,3142.85714285714
"2008_0110",130000,659.89847715736
"2008_0201",242200,7568.75
"2008_0202",2e+05,6443.60111905015
"2008_0203",320000,2758.62068965517
"2008_0205",180000,3600
"2008_0206",240000,3547.00567502987
"2008_0209",170000,10625
"2008_0210",320000,8648.64864864865
"2008_0301",240000,5927.19095867081
"2008_0302",235833.333333333,7036.97244745625
"2008_0303",292222.222222222,9503.04982546712
"2008_0304",273333.333333333,7514.71276103544
"2008_0305",280000,3255.81395348837
"2008_0306",365000,10748.1684981685
"2008_0307",357692.307692308,8863.56553499851
"2008_0308",271666.666666667,10345.866774815
"2008_0309",212000,4790.66948416794
"2008_0311",150000,5769.23076923077
"2008_0314",2e+05,5882.35294117647
"2008_0401",457000,8304.95096511966
"2008_0402",334545.454545455,9520.613083681
"2008_0403",290000,13989.7698209719
"2008_0404",260000,5494.25044286913
"2008_0405",350000,7291.66666666667
"2008_0407",528699.9,13498.4396662503
"2008_0408",3e+05,3529.41176470588
"2008_0409",377272.727272727,11381.6795431215
"2008_0410",327000,7480.75887617887
"2008_0411",340000,8936.28803354067
"2008_0412",250000,12500
"2008_0413",334545.454545455,8596.34930287104
"2008_0414",306155.285714286,9129.55647616174
"2008_0415",312857.142857143,11120.6080378513
"2008_0503",325000,6916.66666666667
"2008_0505",142666.666666667,8294.58261037208
"2008_0509",390000,8143.7908496732
"2008_0510",5e+05,14416.1774298761
"2008_0511",425000,5086.20689655172
"2008_0513",277000,4616.66666666667
"2008_0514",3e+05,11538.4615384615
"2008_0517",380000,12837.1657754011
"2008_0519",456000,7457.68321513002
"2008_0604",416000,6714.97725483335
"2008_0605",360000,8148.45738723144
"2008_0607",180000,3761.67674731183
"2008_0608",263333.333333333,8733.21123321123
"2008_0703",589285.714285714,11596.331751744
"2008_0706",632363.636363636,14063.4951727752
"2008_0707",478900,11101.8242697432
"2008_0708",570933.333333333,24999.5410534986
"2008_0709",371666.666666667,8080.48433048433
"2008_0710",447888.888888889,11712.8223391237
"2008_0711",333928.571428571,7681.69979108652
"2008_0713",454000,5695.36120680319
"2008_0714",382500,8927.06012305667
"2008_0715",380383.333333333,9717.85380745109
"2008_0716",447090.909090909,12810.4915522778
"2008_0717",478915.384615385,13713.9119607209
"2008_0718",325750,6878.99563604929
"2008_0720",360000,2571.42857142857
"2008_0723",256666.666666667,8025.73027573028
"2008_0724",225000,4127.27272727273
"2008_0801",343636.363636364,8485.6319067549
"2008_0802",407500,15227.7627912836
"2008_0803",429433.407407407,11004.1179606207
"2008_0804",303000,25250
"2008_0807",207500,5886.70057420057
"2008_0808",387272.727272727,6398.57860808646
"2008_0809",585000,16401.3567191236
"2008_0810",262500,7258.00088856206
"2008_0813",320000,9299.76396538159
"2008_0817",150000,2103.98766248072
"2008_0819",180000,5625
"2008_0902",120000,9230.76923076923
"2008_0903",367272.727272727,9028.42449334673
"2008_0904",310916.666666667,9364.48745823746
"2008_0905",429333.333333333,8471.19242244257
"2008_0906",403750,7672.11365529402
"2008_0907",484285.714285714,7139.74446289102
"2008_0908",500769.230769231,10091.922496232
"2008_0909",422894.736842105,8121.6784890093
"2008_0910",373846.153846154,6886.11466162625
"2008_0911",391090.909090909,7333.85370707505
"2008_0912",351333.333333333,9005.71216933845
"2008_0913",410827.272727273,11624.4351146291
"2008_0914",731440.866666667,18864.4076679538
"2008_0915",1580000,17323.3102735706
"2008_0916",750000,11538.4615384615
"2008_1001",537462.636363636,14036.3836840832
"2008_1003",326737.5,16392.3611111111
"2008_1004",467322.2,46707.8123876124
"2008_1006",579000,11062.4442462087
"2008_1013",395598.222222222,49449.7777777778
"2008_1014",341000,5190.90909090909
"2008_1015",492500,20896.1359967716
"2008_1016",485876.166666667,41305.5106614415
"2008_1017",506250,8684.8653574929
"2008_1018",620000,67020.202020202
"2008_1019",587557.875,31196.7921238245
"2008_1020",653651.56,18130.993940982
"2008_1101",763096.774193548,41296.0205242577
"2008_1102",859935.714285714,18594.4976034879
"2008_1103",1116304.34782609,14739.0093914778
"2008_1104",803536.764705882,22581.4654739085
"2008_1105",1101448.71794872,25158.9613257249
"2008_1107",1006985.07462687,22930.1764940477
"2008_1108",1060448.63636364,29147.4866486124
"2008_1109",1015147.05882353,24116.4296174809
"2008_1110",889634.285714286,17838.2657002638
"2008_1111",712948.233766234,23313.2706339774
"2008_1112",1032787.87878788,21587.1830671991
"2008_1113",857840.909090909,28245.6177937232
"2008_1114",838674.846153846,21693.3468069321
"2008_1115",760725.809523809,28663.0260078652
"2008_1117",894571.317073171,19559.1604152728
"2008_1201",713228.125,16350.7908792062
"2008_1202",846000,21657.281882511
"2008_1203",666800,22924.0365360418
"2008_1204",565134.848484849,25324.9540244926
"2008_1205",638550.724637681,22222.8475984618
"2008_1206",479023.076923077,16247.7546809978
"2008_1207",545250,14158.9398230497
"2008_1208",518260.869565217,12259.74274601
"2008_1209",617493.305555556,12499.7854657714
"2008_1210",458947.368421053,14589.2401185054
"2008_1211",893631.578947368,13264.7734094513
"2008_1212",744161.549295775,19089.343394614
"2008_1213",629166.666666667,12792.1816707129
"2008_1303",635000,13590.9090909091
"2008_1304",520285.714285714,12795.4725409046
"2008_1305",350000,7000
"2008_1306",372733.333333333,7284.72098267198
"2008_1308",594466.666666667,4529.5707384403
"2008_1309",362333.333333333,12980.8506308506
"2008_1310",428037.5,7256.0783606288
"2008_1311",550000,9010.57791537668
"2008_1312",452500,6579.67032967033
"2008_1314",150000,5555.55555555556
"2008_1316",428000,6536.14813632373
"2008_1317",5e+05,9615.38461538462
"2008_1318",360000,10208.3333333333
"2008_1319",450000,3214.28571428571
"2008_1403",852000,22926.1821109647
"2008_1404",1028617.51724138,27331.4573081653
"2008_1405",1577219.07692308,37276.1298955971
"2008_1406",1382143.5,49659.7281077967
"2008_1407",1324966.66666667,32833.992106861
"2008_1408",1637938.58333333,27537.2029512571
"2008_1409",1698206.52,20698.184620796
"2008_1410",1787555.55555556,23927.5249079171
"2008_1411",3108333.33333333,19343.7933553479
"2008_1412",2511428.57142857,18350.6951796819
"2008_1413",1247332.35294118,20829.4052987834
"2008_1414",1167530,22399.0042735043
"2008_1415",1844566.66666667,34184.9737686947
"2008_1416",1192278.07692308,23471.3982580611
"2008_1417",1723165.85185185,28014.22460027
"2008_1418",2334000,25764.6763310261
"2008_1419",1106666.66666667,16252.5980979268
"2008_1420",1710000.33333333,32403.1859310498
"2008_1421",1381491.5,34212.2481948374
"2008_1422",1500000,63503.0864197531
"2008_1423",1129020.45454545,25046.0504976527
"2008_1503",367142.857142857,7286.51521584243
"2008_1504",544464.545454545,7859.38768813347
"2008_1506",750000,14150.9433962264
"2008_1507",706250,13616.832609264
"2008_1509",521428.571428571,8981.05377383225
"2008_1510",516666.666666667,10287.4464884878
"2008_1511",408000,8168.57278523945
"2008_1601",660390,27228.1127637935
"2008_1602",802857.142857143,19544.1838171447
"2008_1603",642469.230769231,16955.5402646204
"2008_1604",510120.25,15334.3477233391
"2008_1605",487091.074074074,8602.72053729559
"2008_1606",461026.428571429,7345.91213578202
"2008_1607",656946.129032258,21962.0804918331
"2008_1608",749338,15023.7369901906
"2008_1609",477500,7940.13230089179
"2008_1610",408089.166666667,10193.4595298942
"2008_1611",793231.2,25497.4141639295
"2008_1612",779387.096774194,11339.222619097
"2008_1613",444000,7775.19869750984
"2008_1614",579205.263157895,20920.9218333071
"2008_1615",562750,12480.7617578331
"2008_1616",394988,5625.23132969035
"2008_1617",616333.333333333,18306.8734650101
"2008_1618",715000,14519.9289004128
"2008_1619",736111.111111111,24239.6397224773
"2008_1620",684600,20353.8536432123
"2008_1621",653476.571428571,37137.592760181
"2008_6000",365000,4839.72719522592
"2008_6098",170000,6296.2962962963
"2008_7097",480000,8583.33333333333
"2008_8000",284151.829268293,6689.00065474702
"2008_8004",136000,944.444444444444
"2008_8098",2e+05,2117.34153063388
"2008_9004",1273645,5241.33744855967
"2009_0107",220000,4150.94339622641
"2009_0109",160000,7272.72727272727
"2009_0110",180000,5142.85714285714
"2009_0301",160000,5517.24137931035
"2009_0302",325000,6377.45974955277
"2009_0303",354000,3820.47301126433
"2009_0304",288333.333333333,9073.48505491496
"2009_0305",270000,3103.44827586207
"2009_0306",325000,1355.69436900235
"2009_0307",350000,15217.3913043478
"2009_0308",290000,8155.09313381654
"2009_0313",255000,3205.50458715596
"2009_0401",425000,18555.9475170481
"2009_0402",330000,7004.80067185527
"2009_0403",350000,10294.1176470588
"2009_0404",256666.666666667,10117.9419136075
"2009_0407",492385.333333333,5583.73141114714
"2009_0408",450000,5625
"2009_0409",384500,10284.0397765261
"2009_0410",389473.684210526,12272.2616032752
"2009_0411",330000,14406.156696088
"2009_0412",4e+05,11772.5752508361
"2009_0413",399000,8351.98673793762
"2009_0414",385576.923076923,13518.6319163152
"2009_0415",295000,14813.2183908046
"2009_0503",420000,12000
"2009_0504",246666.666666667,9853.70152761457
"2009_0505",435000,10402.9062430889
"2009_0508",250000,4310.34482758621
"2009_0509",470000,8142.85714285714
"2009_0510",417500,28551.5873015873
"2009_0511",430000,6560.15037593985
"2009_0513",310000,5166.66666666667
"2009_0514",260000,8625
"2009_0519",490200,12884.2407700701
"2009_0601",240000,10172.6973684211
"2009_0602",225000,9181.14973262032
"2009_0603",195000,6600
"2009_0604",335714.285714286,8013.5546339838
"2009_0605",330000,8998.2262445948
"2009_0606",242500,8040.69119286511
"2009_0607",295000,11760.3741506556
"2009_0608",381666.666666667,15686.8670545141
"2009_0610",130000,7222.22222222222
"2009_0612",170000,7121.58808933003
"2009_0703",649460.869565217,16307.4180055021
"2009_0705",583333.333333333,7650.10351966874
"2009_0706",778714.285714286,18318.3211836016
"2009_0707",585508.333333333,13424.5131227571
"2009_0708",624000,24321.9207999657
"2009_0709",365000,14439.0384172993
"2009_0710",411000,8015.02059766634
"2009_0711",396038.461538462,16133.0921680517
"2009_0712",280000,5284.59821428571
"2009_0713",257000,8798.48262681846
"2009_0714",448750,15719.6071876086
"2009_0715",432030,11066.7507641029
"2009_0716",543076.923076923,13130.7885505673
"2009_0717",597142.857142857,21794.2095969918
"2009_0718",349411.764705882,7451.4731384936
"2009_0720",214000,4650.38791966801
"2009_0723",377142.857142857,12019.7812546245
"2009_0724",330000,9166.66666666667
"2009_0801",398461.538461538,13446.1874225749
"2009_0802",402176.470588235,13982.1910480843
"2009_0803",509775.510204082,15891.5260218555
"2009_0804",319000,26583.3333333333
"2009_0807",241666.666666667,8174.96423888834
"2009_0808",415000,7804.03905092925
"2009_0809",503750,12375.9199678317
"2009_0810",308461.538461538,11143.6343304024
"2009_0811",2e+05,8000
"2009_0813",279000,7244.43285398634
"2009_0815",230000,6733.99939794867
"2009_0816",140000,5185.18518518519
"2009_0817",2e+05,3921.56862745098
"2009_0819",228333.333333333,8970.76023391813
"2009_0903",428666.666666667,10105.3792460373
"2009_0904",348916.666666667,10488.935207137
"2009_0905",440344.827586207,9607.53967404109
"2009_0906",432500,18068.6993741454
"2009_0907",461428.571428571,14319.7644728381
"2009_0908",514117.647058824,15154.2903938944
"2009_0909",422333.333333333,7884.34023890003
"2009_0910",4e+05,7891.87507286833
"2009_0911",403636.363636364,8681.49217344308
"2009_0912",382105.263157895,11448.9106960269
"2009_0913",513555,14587.7288955021
"2009_0914",643846.153846154,14348.8408333495
"2009_0915",1825000,19765.782387887
"2009_1001",620063.234042553,19247.9939920383
"2009_1003",244164.035087719,22385.676185413
"2009_1004",539936.268292683,63488.8144907261
"2009_1006",567109,18742.4258335356
"2009_1012",1300000,185714.285714286
"2009_1013",465913.793103448,50266.0886126704
"2009_1014",474909.090909091,9233.34265139945
"2009_1015",597220,56089.9595365088
"2009_1016",588617.844311377,53262.4652009853
"2009_1017",565509.677419355,16826.5975430505
"2009_1018",585181.818181818,50681.2670724355
"2009_1019",553306,51373.1627004036
"2009_1020",604964.169230769,24147.4331026945
"2009_1101",804555.555555556,43725.0544671567
"2009_1102",879285.714285714,30260.2820082562
"2009_1103",597500,15423.2486263736
"2009_1104",724581.25,27567.2771325997
"2009_1105",1037893.39622642,37857.9615384337
"2009_1107",758705.882352941,22627.2074034873
"2009_1108",1075595.04385965,37007.2356306487
"2009_1109",1017751.44927536,30755.8839704027
"2009_1110",848883.490566038,26007.5645432927
"2009_1111",739376.470588235,27075.6527949293
"2009_1112",672521.739130435,29126.3378160508
"2009_1113",724375,31657.1097651656
"2009_1114",755639.08045977,30935.0855152009
"2009_1115",779724.466666667,31598.0793283755
"2009_1117",772115.411764706,19892.2765464881
"2009_1201",634753.846153846,18352.405227618
"2009_1202",774629.62962963,24807.0596832908
"2009_1203",696666.666666667,14704.8051564305
"2009_1204",610646.575342466,28406.3800979352
"2009_1205",547674.418604651,23590.4963313508
"2009_1206",500370,17830.2519199783
"2009_1207",502580.64516129,13820.01805684
"2009_1208",607346.153846154,20932.4205134692
"2009_1209",557592.592592593,11319.5711515891
"2009_1210",511305.882352941,17881.8111054621
"2009_1211",786968.421052632,14748.3964449604
"2009_1212",746092.181818182,18842.6417680405
"2009_1213",610344.157894737,13461.5903126241
"2009_1301",5e+05,11363.6363636364
"2009_1303",622500,13346.5909090909
"2009_1304",529500,15975.1353271059
"2009_1306",447545.454545455,11251.5281091971
"2009_1307",320000,7619.04761904762
"2009_1308",532200,55602.4730202863
"2009_1309",501116.666666667,15758.2251574258
"2009_1310",397777.777777778,8109.26494802124
"2009_1311",543100,9713.25483340189
"2009_1312",480000,7066.65305010893
"2009_1316",460000,6746.3067254112
"2009_1318",287500,8899.57264957265
"2009_1319",360000,6000
"2009_1403",803675,21564.2302754435
"2009_1404",1128780.31481481,33867.0287050478
"2009_1405",1500853.78571429,34819.9900519759
"2009_1406",1739397.73333333,25896.361454712
"2009_1407",1718160,12240.6736406233
"2009_1408",1725736.66666667,32796.5806630472
"2009_1409",981122.923076923,14991.2142408786
"2009_1410",1063992.85714286,24718.9712269291
"2009_1411",1784745,31977.7137290592
"2009_1412",1750000,27837.1005259747
"2009_1413",1329520.71428571,19486.1050010716
"2009_1414",1701798.57142857,25192.5688338171
"2009_1415",1536250,45698.5403843353
"2009_1416",1288722.0625,22214.0859934483
"2009_1417",1668045.30555556,38744.8963427203
"2009_1418",2371428.57142857,20507.8565960919
"2009_1419",1083500,38223.5576923077
"2009_1420",1278836.36363636,39808.1958423485
"2009_1421",1375086.10526316,46245.6898321278
"2009_1422",1255428.57142857,37000.2116402116
"2009_1423",947052.631578947,28407.9339542855
"2009_1503",681666.666666667,18147.1017926242
"2009_1504",646152.380952381,11674.5105037852
"2009_1506",635000,13820.7547169811
"2009_1507",586500,11449.9078253867
"2009_1509",623333.333333333,8657.76818413373
"2009_1510",510000,12866.6666666667
"2009_1511",370000,7944.44444444444
"2009_1601",606245.833333333,26577.3399103581
"2009_1602",834375,18418.125347291
"2009_1603",667332.5,24438.778867272
"2009_1604",628500,15212.6151478025
"2009_1605",508461.538461538,11291.1038866614
"2009_1606",521353.888888889,10076.9982213381
"2009_1607",698811.777777778,25839.3509608341
"2009_1608",763161.5625,15594.5788336981
"2009_1609",578235.294117647,15201.5987770534
"2009_1610",512695.652173913,12298.1209413499
"2009_1611",818341.463414634,26773.2575957733
"2009_1612",730617.5,12940.2687203404
"2009_1613",322500,4464.88095238095
"2009_1614",476571.428571429,23728.20434513
"2009_1615",633318.181818182,15720.1171976312
"2009_1616",430000,6337.55677743246
"2009_1617",647777.777777778,18271.426823444
"2009_1618",786110.6,14523.6124139924
"2009_1619",641875.757575758,24378.265049237
"2009_1620",703576.923076923,21864.1007922241
"2009_1621",580000,34117.6470588235
"2009_6000",335000,2517.9211469534
"2009_6098",265000,8833.33333333333
"2009_7097",508000,10947.4594138731
"2009_8000",319946.153846154,7751.09990214966
"2009_8089",3e+05,5263.15789473684
"2009_8098",178562.5,2520.99250256845
"2009_9004",1371300,6856.5
"2009_9077",3400000,8500
"2010_0101",275000,12500
"2010_0102",160000,5845.93837535014
"2010_0103",187500,7127.45098039216
"2010_0105",230000,6767.67676767677
"2010_0106",305000,6607.14285714286
"2010_0107",3e+05,16666.6666666667
"2010_0110",750000,10000
"2010_0201",180000,3600
"2010_0202",293333.333333333,12276.5246449457
"2010_0205",3e+05,3750
"2010_0207",4e+05,13793.1034482759
"2010_0208",180000,13846.1538461538
"2010_0209",303750,14569.8333784271
"2010_0210",265000,23457.1428571429
"2010_0211",3e+05,17534.7222222222
"2010_0301",553333.333333333,16216.8655717043
"2010_0302",620000,8857.14285714286
"2010_0303",325000,8444.89181382167
"2010_0304",280000,9333.33333333333
"2010_0305",8e+05,5442.1768707483
"2010_0306",570000,2602.7397260274
"2010_0307",275000,3843.68766030208
"2010_0308",284446.666666667,7135.47064305685
"2010_0313",172500,4638.70022059677
"2010_0401",350000,18421.0526315789
"2010_0402",409000,6762.16635992925
"2010_0404",433333.333333333,7454.16217276203
"2010_0405",350000,25000
"2010_0407",584858,14763.305543617
"2010_0408",510000,15641.9738969677
"2010_0409",387272.727272727,10766.2407741308
"2010_0410",477142.857142857,10431.4499233832
"2010_0411",337500,8604.54545454546
"2010_0412",375000,5982.90598290598
"2010_0413",362500,10696.2089690245
"2010_0414",335000,15906.862745098
"2010_0415",410000,5836.52618135377
"2010_0502",260000,7135.88588588589
"2010_0503",388000,12958.3597000345
"2010_0504",428400,9318.5102960103
"2010_0505",431571.428571429,7441.10788768639
"2010_0507",390000,16250
"2010_0508",250000,5221.79155900086
"2010_0509",381666.666666667,11106.4343074483
"2010_0510",466190.476190476,25106.181603076
"2010_0511",393529.411764706,11518.8494611186
"2010_0513",380000,14712.0811287478
"2010_0514",420000,9349.82340762392
"2010_0517",1020000,16354.9318812373
"2010_0519",5e+05,10990.4354123167
"2010_0601",260000,3844.15584415584
"2010_0602",305000,7238.32528180354
"2010_0603",355000,11575
"2010_0604",328750,7408.20836973229
"2010_0605",340454.545454545,10124.8814940653
"2010_0606",232000,10798.8576091391
"2010_0607",296666.666666667,9627.66052636008
"2010_0608",353230.769230769,17403.0381383323
"2010_0611",270000,3970.58823529412
"2010_0703",647615.870967742,13540.4054660804
"2010_0706",761416.666666667,23772.6913207718
"2010_0707",607500,12262.1967685283
"2010_0708",595807.692307692,25078.6512980703
"2010_0709",440000,11200.495349655
"2010_0710",434571.428571429,9318.01868884023
"2010_0711",427857.142857143,11800.1772888439
"2010_0712",190000,17272.7272727273
"2010_0713",317500,8909.8869254607
"2010_0714",370000,16388.8888888889
"2010_0715",444085.9375,8328.36084234457
"2010_0716",505000,12210.4348770997
"2010_0717",568101.36,22741.4144916783
"2010_0718",377142.857142857,11389.6025664643
"2010_0719",180000,6000
"2010_0720",350000,15217.3913043478
"2010_0723",382500,10406.2881562882
"2010_0724",310000,9166.66666666667
"2010_0801",454285.714285714,15484.3605380689
"2010_0802",452941.176470588,14416.0535394445
"2010_0803",513697.435897436,16063.1988749079
"2010_0804",362200,30641.6666666667
"2010_0807",295000,19170.04048583
"2010_0808",340000,20823.4126984127
"2010_0809",477000,11770.4726709428
"2010_0810",3e+05,6521.73913043478
"2010_0811",230000,15333.3333333333
"2010_0813",180000,10928.5714285714
"2010_0819",145000,3815.78947368421
"2010_0903",396500,9727.44548142651
"2010_0904",401250,11061.3738738739
"2010_0905",473545.454545455,6719.64163077432
"2010_0906",425000,7465.27777777778
"2010_0907",496000,13856.3799258916
"2010_0908",512470.588235294,18089.6964053633
"2010_0909",479500,8613.76422128593
"2010_0910",446000,15088.5521885522
"2010_0911",4e+05,4081.63265306122
"2010_0912",367500,8153.38201538078
"2010_0913",577701.857142857,17062.4135838698
"2010_0914",699225,20486.6101325214
"2010_0915",1896800,22366.8851846548
"2010_1001",512100,21771.1901705534
"2010_1003",248832.916666667,22342.106647967
"2010_1004",539080.43902439,64169.6125629113
"2010_1006",585142.857142857,14314.1767433088
"2010_1008",950000,33928.5714285714
"2010_1013",427076.923076923,48310.1246579507
"2010_1014",5e+05,13212.7792977656
"2010_1015",543846.153846154,61794.7757065404
"2010_1016",529769.047619048,56909.4431450102
"2010_1017",518786.740740741,52472.5330030014
"2010_1018",522674.074074074,55053.2790556507
"2010_1019",515165.625,43518.1579449962
"2010_1020",651677.419354839,16534.329027685
"2010_1101",823708,33679.6612697257
"2010_1102",9e+05,31383.7866466742
"2010_1103",1079593.33333333,18044.648050206
"2010_1104",719092.682926829,27632.8968302919
"2010_1105",945174.277777778,35162.2856308318
"2010_1107",865179.166666667,25134.3978991165
"2010_1108",1048322.14285714,34708.5520201296
"2010_1109",911856.52173913,27560.7599309458
"2010_1110",829454.382352941,25943.8443406975
"2010_1111",867357.838709677,27244.9519596777
"2010_1112",949640.740740741,25235.7885081359
"2010_1113",697479.310344828,32485.2235198487
"2010_1114",793677.631578947,29556.3259849176
"2010_1115",832990,38832.563336333
"2010_1117",855898.857142857,28403.0676432546
"2010_1201",745224,14548.7479788887
"2010_1202",919687.5,21193.2776573638
"2010_1203",881381.818181818,14950.2280304419
"2010_1204",629546.93877551,25887.9607073826
"2010_1205",673214.285714286,26677.0455193525
"2010_1206",487251.162790698,21800.0887309276
"2010_1207",592150,19738.0323313417
"2010_1208",641111.111111111,20854.1802314908
"2010_1209",573677.419354839,15496.6240189597
"2010_1210",529739.130434783,16174.004368357
"2010_1211",895131.147540984,15108.1795910427
"2010_1212",821480.769230769,19395.5153584226
"2010_1213",634066,13343.7870107062
"2010_1301",250000,11363.6363636364
"2010_1303",596000,13086.3636363636
"2010_1304",618315.789473684,19747.2931177394
"2010_1306",426777.272727273,9002.58820929308
"2010_1308",582000,21719.6340973835
"2010_1309",452268.75,13598.4380937946
"2010_1310",462766.666666667,6445.60707184007
"2010_1311",570142.857142857,10516.0816498925
"2010_1312",515000,7854.4776119403
"2010_1316",541666.666666667,11474.4967460118
"2010_1318",380000,9545.77218728162
"2010_1403",850890.909090909,30622.5539865626
"2010_1404",956064.316666667,31914.3101358196
"2010_1405",1132841.18181818,35639.1331604012
"2010_1406",1073846.15384615,31562.8220301005
"2010_1407",1228950,33437.8725935311
"2010_1408",2761972.72727273,22636.6089772508
"2010_1409",1825262.83333333,22255.0990814406
"2010_1410",1662222.22222222,22693.8916687957
"2010_1411",1802415,22401.1560805656
"2010_1412",1894406.66666667,18331.1361883078
"2010_1413",1302385.42857143,20122.1630100612
"2010_1414",1092518,27351.0085020243
"2010_1415",1542460,39685.6255945721
"2010_1416",1498784.16666667,31673.8704034501
"2010_1417",1837892.84615385,36001.5447473965
"2010_1419",781250,36274.4188394421
"2010_1420",1103140,55796.2968489207
"2010_1421",1220122.82352941,52931.0970195696
"2010_1422",1368125,55968.8628537769
"2010_1423",1160163.73684211,32721.6614143736
"2010_1503",453636.363636364,12217.3050256847
"2010_1504",590500,14654.6783029226
"2010_1506",673333.333333333,15076.087434578
"2010_1507",585604.761904762,16806.0479789643
"2010_1509",602904.761904762,16865.173969677
"2010_1510",530000,9180.28169014084
"2010_1511",464850,12267.9487705768
"2010_1601",782955.033898305,25248.921709959
"2010_1602",900051.724137931,21070.9337995588
"2010_1603",813070.887096774,23043.5200798641
"2010_1604",598947.368421053,26069.0467781334
"2010_1605",579230.769230769,16694.100819796
"2010_1606",592656.071428571,13958.7365909316
"2010_1607",748985.714285714,18993.3512799552
"2010_1608",857150,14474.9528116836
"2010_1609",583333.333333333,13461.1329304572
"2010_1610",530625,12782.605526798
"2010_1611",833722.743589744,25983.8124218325
"2010_1612",829955.263157895,17251.7494734378
"2010_1613",502142.857142857,12266.8201426912
"2010_1614",760769.230769231,18889.5393320458
"2010_1615",570700,17520.6654861722
"2010_1616",525000,6724.62218868557
"2010_1617",655462.5,20403.9745821578
"2010_1618",859250,12714.6698035137
"2010_1619",837137.5,23332.115128827
"2010_1620",1005282.05128205,29940.1642492502
"2010_1621",716666.666666667,29249.4589809168
"2010_6000",336700,7723.05555555556
"2010_8000",345906.818181818,7340.05575738064
"2011_0101",350000,8139.53488372093
"2011_0107",220000,1880.34188034188
"2011_0210",145000,11153.8461538462
"2011_0301",1052300,13153.75
"2011_0303",346000,9253.10245310245
"2011_0304",260000,13611.1111111111
"2011_0305",920000,28750
"2011_0306",405000,7548.07692307692
"2011_0307",343333.333333333,5214.14688894364
"2011_0308",280000,3835.61643835616
"2011_0309",391000,5045.76271186441
"2011_0313",250000,6054.05405405405
"2011_0401",444000,9149.40225035162
"2011_0402",382333.333333333,5790.38458155595
"2011_0407",685970.5,8165.13025514403
"2011_0408",494166.666666667,11673.1630370034
"2011_0409",423333.333333333,9110.87061752437
"2011_0410",401000,10380.0416090665
"2011_0411",345000,9006.76936122103
"2011_0412",352666.666666667,10326.2561512562
"2011_0413",530000,6275.82762330383
"2011_0414",353333.333333333,10619.5753978579
"2011_0415",350000,2397.2602739726
"2011_0502",390000,5416.66666666667
"2011_0503",320000,10666.6666666667
"2011_0504",461666.666666667,10343.2551513947
"2011_0505",565000,14487.1794871795
"2011_0509",415714.285714286,11763.4532999586
"2011_0510",426000,31943.7229437229
"2011_0511",375714.285714286,10539.1877378991
"2011_0513",360000,6000
"2011_0514",450000,10997.2088531769
"2011_0519",556250,13563.2702331358
"2011_0601",335000,5272.60018639329
"2011_0603",450000,6250
"2011_0604",410000,7142.67175338604
"2011_0605",314285.714285714,7965.30750091323
"2011_0606",465000,7870.37037037037
"2011_0608",362500,19065.1260504202
"2011_0703",704000,16967.8163627633
"2011_0705",682500,8701.70454545454
"2011_0706",919795.307692308,25196.5730008841
"2011_0707",632000,13395.8707696915
"2011_0708",582083.333333333,25742.7809193405
"2011_0709",435384.615384615,12579.4592171983
"2011_0710",497900,8642.3168354708
"2011_0711",404375,12755.0529837179
"2011_0712",286666.666666667,5584.60047398558
"2011_0713",349000,12053.5961997356
"2011_0714",478352.941176471,27462.1674525066
"2011_0715",493812.5,13058.841537513
"2011_0716",606250,13516.4852868779
"2011_0717",537642.857142857,21602.0415718835
"2011_0718",409230.769230769,10139.3253077603
"2011_0720",203333.333333333,4512.29235880399
"2011_0723",405000,11916.2829644196
"2011_0724",325000,65000
"2011_0801",390714.285714286,11981.5456535754
"2011_0802",532142.857142857,14119.4468850903
"2011_0803",565825,18948.7254455617
"2011_0804",450000,41461.5384615385
"2011_0806",170000,3617.02127659574
"2011_0807",480000,5647.05882352941
"2011_0808",462727.272727273,9897.29967002694
"2011_0809",505384.615384615,12287.6199535392
"2011_0810",352000,7933.33333333333
"2011_0813",306000,8413.40603840604
"2011_0815",207500,2778.27380952381
"2011_0819",155000,6500
"2011_0902",401666.666666667,66944.4444444444
"2011_0903",511576.923076923,13454.0982551184
"2011_0904",499000,9751.61420500404
"2011_0905",448410,6835.84724443999
"2011_0906",538571.428571429,23990.7552764696
"2011_0907",692857.142857143,10184.4766944207
"2011_0908",560000,20334.5336455496
"2011_0909",525172.413793103,18629.4678938433
"2011_0910",450000,9204.41024774189
"2011_0911",493333.333333333,10670.6349206349
"2011_0912",436666.666666667,11434.3409976402
"2011_0913",631291.111111111,25282.0734827824
"2011_0914",806053.023255814,18286.5258536512
"2011_0915",1541666.66666667,21973.9569242002
"2011_0916",870000,13235.962909876
"2011_1001",615620.526315789,13528.0402212672
"2011_1003",285240,28628.0858272163
"2011_1004",567004.394736842,62616.6309710648
"2011_1006",509634.8,12643.0689287321
"2011_1013",511444.444444444,47769.0477466911
"2011_1014",410000,7677.78626602156
"2011_1015",588330.769230769,58525.7123586145
"2011_1016",570103.616438356,54269.7675958297
"2011_1017",614166.666666667,35970.5472252423
"2011_1018",525960,61890.3815362065
"2011_1019",670937.5,50178.2229279545
"2011_1020",759194.6,24102.930076753
"2011_1101",852372,34374.4065102853
"2011_1102",904666.666666667,27512.39980532
"2011_1103",939033.461538462,28042.0199118287
"2011_1104",765023.809523809,37881.36961772
"2011_1105",990552.459016393,37904.7100979756
"2011_1107",801375.862068966,33549.6996282351
"2011_1108",1061631.94444444,34491.4762869816
"2011_1109",932567.178571429,32987.0007713617
"2011_1110",844105.263157895,24247.9820438502
"2011_1111",875166.176470588,30206.7817537753
"2011_1112",831622.222222222,24012.0811785668
"2011_1113",782961.538461538,33724.5906372093
"2011_1114",827943.130952381,32505.20200865
"2011_1115",857611.130434783,42503.8916991285
"2011_1117",745232.666666667,30281.1743749547
"2011_1201",682727.272727273,17645.5487288664
"2011_1202",870688.888888889,29906.5211596066
"2011_1203",729662.962962963,23343.3782452766
"2011_1204",631006.153846154,33455.3248344278
"2011_1205",600038.808219178,39569.4132883869
"2011_1206",552371.428571429,16887.7832503806
"2011_1207",582952.380952381,17244.1521818778
"2011_1208",644772.727272727,14151.7849940851
"2011_1209",704443.75,14183.4193027197
"2011_1210",626703.703703704,29092.3167768907
"2011_1211",958018.518518519,14150.7119629228
"2011_1212",862433.333333333,21767.5629091366
"2011_1213",692526.76056338,16349.4566909268
"2011_1301",391818.181818182,14678.2271587466
"2011_1303",616800,13102.7274736757
"2011_1304",613306.896551724,23516.0267723695
"2011_1305",313333.333333333,14242.8171878973
"2011_1306",406964.285714286,11610.8388415808
"2011_1307",310000,8015.91981132075
"2011_1308",575165.217391304,19037.4756108979
"2011_1309",506318.604651163,17458.874921336
"2011_1310",473928.571428571,12587.1455502225
"2011_1311",584285.714285714,18285.936599148
"2011_1312",411666.666666667,9996.56242091117
"2011_1313",273333.333333333,7788.28473863935
"2011_1316",404444.444444444,25570.9086438253
"2011_1317",326666.666666667,10839.4383394383
"2011_1318",356666.666666667,13153.6130159311
"2011_1319",410000,12178.6833855799
"2011_1403",1015482.22222222,58009.9795626599
"2011_1404",1113297.95918367,29140.7408753962
"2011_1405",1341421.05263158,30663.2470977366
"2011_1406",1254285.71428571,28994.7526532294
"2011_1407",1815127.57894737,22159.7434659648
"2011_1408",1408353.84615385,27595.7973316815
"2011_1409",1820333.2244898,27135.8300266726
"2011_1410",1496428.57142857,21020.2116322178
"2011_1411",1527130.43478261,19631.107887681
"2011_1412",2002388.88888889,19029.7896230996
"2011_1413",1373783.84615385,21045.9477561395
"2011_1414",1883333.33333333,31069.7072248703
"2011_1415",1674277.77777778,45556.5314262769
"2011_1416",1346865.9047619,61319.4573150917
"2011_1417",1729384.10144928,39835.6368812065
"2011_1418",1575000,22205.8823529412
"2011_1419",881181.818181818,20310.8208999776
"2011_1420",1073692.30769231,63014.2990366897
"2011_1421",1410352.56410256,52076.3511892852
"2011_1422",1554932.77777778,54088.5602471301
"2011_1423",1237301.58730159,40500.5611447578
"2011_1503",440833.333333333,13416.877866382
"2011_1504",685234.375,12265.8319049684
"2011_1506",716666.666666667,19693.4865900383
"2011_1507",636818.181818182,14038.2819626259
"2011_1509",735256.52173913,14564.1348699439
"2011_1510",7e+05,14636.3636363636
"2011_1511",499523.80952381,10433.449551335
"2011_1601",761295.454545455,24981.4100672726
"2011_1602",902000,23768.07526318
"2011_1603",836206.896551724,24239.2083759135
"2011_1604",646606.25,17753.814850379
"2011_1605",712222.222222222,15203.4402520068
"2011_1606",576250,19119.6717674628
"2011_1607",818214.285714286,20704.0832354935
"2011_1608",828589.743589744,12523.7362560975
"2011_1609",637894.736842105,14655.0584069603
"2011_1610",566062.068965517,14833.9268945329
"2011_1611",903823.354609929,28096.4516588836
"2011_1612",855021.052631579,17696.1764610955
"2011_1613",588333.333333333,12241.6375056774
"2011_1614",711724.137931034,21349.8611968317
"2011_1615",574678.344827586,21467.3667423546
"2011_1616",483333.333333333,12899.9608201646
"2011_1617",811593.103448276,21389.3039907593
"2011_1618",990000,14630.1937903128
"2011_1619",808761.904761905,24187.4697228557
"2011_1620",693343.75,30799.4640557786
"2011_1621",709800,40600.9803921569
"2011_5089",8e+05,12307.6923076923
"2011_6000",370000,7388.32641334435
"2011_6097",528461.538461538,12359.2837529489
"2011_6098",368000,49762.4030381383
"2011_7002",5e+05,8825.75757575758
"2011_7096",648000,13224.4897959184
"2011_7097",558666.666666667,15165.3282201669
"2011_8000",376615.308641975,9672.75040795921
"2012_0106",340000,1360
"2012_0206",318000,5559.56839664705
"2012_0210",4e+06,46511.6279069767
"2012_0302",443333.333333333,11560.9181538885
"2012_0303",382777.777777778,10073.2030711169
"2012_0304",375000,7548.7012987013
"2012_0306",434285.714285714,6986.66310488027
"2012_0307",421577.777777778,10987.2683323903
"2012_0308",292800,2422.81639928699
"2012_0309",276000,9050
"2012_0401",480000,2853.85704175513
"2012_0402",430000,5054.51560087807
"2012_0404",380000,29230.7692307692
"2012_0407",480837.5,10558.1478503952
"2012_0408",483750,7001.89393939394
"2012_0409",560530,8895.49047663196
"2012_0410",459166.666666667,10818.4599918367
"2012_0411",520000,13690.5584787485
"2012_0412",4e+05,7692.30769230769
"2012_0413",454333.333333333,7088.75917243663
"2012_0414",306666.666666667,15629.6296296296
"2012_0415",503333.333333333,16742.1167297328
"2012_0501",85000,850
"2012_0502",426666.666666667,6237.86888492771
"2012_0503",390000,7909.09090909091
"2012_0504",399000,10119.5651570652
"2012_0505",439000,11556.0975609756
"2012_0508",535000,20937.5
"2012_0509",550000,10528.0144137052
"2012_0510",478714.285714286,29060.1662887377
"2012_0511",422777.777777778,8340.56565426265
"2012_0513",360000,6000
"2012_0514",476666.666666667,7114.5552285177
"2012_0519",600500,12422.5219809026
"2012_0601",310000,7936.50793650794
"2012_0602",8e+05,12903.2258064516
"2012_0603",310000,4305.55555555556
"2012_0604",423157.894736842,9000.63302908946
"2012_0605",380000,8440.77345124842
"2012_0606",285000,5129.19896640827
"2012_0607",2e+05,6250
"2012_0608",383000,16981.8422352218
"2012_0702",280000,9032.25806451613
"2012_0703",685659.230769231,14576.3538175387
"2012_0705",750000,10135.1351351351
"2012_0706",816916.666666667,27302.2931275336
"2012_0707",712727.272727273,14174.6162719866
"2012_0708",664291.176470588,26117.313600372
"2012_0709",510000,14893.648018648
"2012_0710",572500,8245.64274635835
"2012_0711",557500,16055.9480521137
"2012_0712",310000,6031.60303160303
"2012_0713",390000,9044.18838242368
"2012_0714",457285.714285714,21773.9067984468
"2012_0715",480833.333333333,14220.1687201687
"2012_0716",545731.707317073,11861.0025406941
"2012_0717",642105.263157895,20894.0735975749
"2012_0718",392857.142857143,10255.547986138
"2012_0723",410000,11864.9574899575
"2012_0724",350333.333333333,49974.0740740741
"2012_0801",560000,11077.1807193826
"2012_0802",516850,15349.8158756137
"2012_0803",591492.592592593,16689.2198117006
"2012_0804",345000,28750
"2012_0808",473687.5,12432.695268757
"2012_0809",576666.666666667,12242.1100648481
"2012_0810",480000,13914.1414141414
"2012_0813",450000,18750
"2012_0815",270000,3970.58823529412
"2012_0902",410000,60588.2352941177
"2012_0903",519054.054054054,15556.26968182
"2012_0904",450909.090909091,12853.6928536929
"2012_0905",500526.315789474,9393.12870325426
"2012_0906",666000,18133.2733106706
"2012_0907",542450,12721.9176584807
"2012_0908",612727.272727273,21845.945709309
"2012_0909",542642.857142857,14435.5190641186
"2012_0910",483500,11576.6787110296
"2012_0911",501428.571428571,15536.4207743007
"2012_0912",447692.307692308,11490.320443466
"2012_0913",648636.363636364,28829.3229948314
"2012_0914",779042.48,18590.1715307979
"2012_0915",2207142.85714286,19588.0464748625
"2012_0916",752400,12036.4030335861
"2012_1001",761954.545454545,18377.736244877
"2012_1003",526652.173913043,26611.8385745347
"2012_1004",564374.226666667,67987.9718986404
"2012_1005",550000,11702.1276595745
"2012_1006",492130.285714286,9683.28113323602
"2012_1013",538315.789473684,47110.7548701299
"2012_1014",490000,12453.1516443281
"2012_1015",609880,63737.1106405535
"2012_1016",581196.842424242,64353.8653515186
"2012_1017",642400,45434.5132450063
"2012_1018",594262.068965517,55435.2999841015
"2012_1019",968882.352941177,48502.0197086476
"2012_1020",760360.317460318,23191.8733793389
"2012_1101",879192.857142857,20015.8036417164
"2012_1102",986626.315789474,25751.9115342633
"2012_1103",1018478.57142857,25927.0995970822
"2012_1104",802183.333333333,35383.475364208
"2012_1105",1175103.28947368,42322.8272062456
"2012_1107",1008414.28571429,32149.5143931861
"2012_1108",1109554.7826087,38831.5041933067
"2012_1109",1036943.47826087,38985.851135098
"2012_1110",955425.531914894,30056.7292687055
"2012_1111",927682.358974359,29199.2656850702
"2012_1112",964975,28586.2027525789
"2012_1113",949350,33230.685997824
"2012_1114",948024.348837209,30140.553512286
"2012_1115",842307.407407407,33753.2331256469
"2012_1117",890808.129032258,26936.5450296619
"2012_1201",760434.782608696,19490.306277808
"2012_1202",892253.414285714,27302.362707308
"2012_1203",770833.333333333,33257.0903158556
"2012_1204",642947.56097561,33809.1769525094
"2012_1205",685633.5,27890.6592184715
"2012_1206",603780.64516129,16270.3958408567
"2012_1207",595062.5,22345.2657350508
"2012_1208",643035.714285714,15110.0915997084
"2012_1209",674603.773584906,16236.1763089494
"2012_1210",624210.526315789,36963.936797433
"2012_1211",877671.232876712,23664.8314989307
"2012_1212",906107.272727273,21035.7600458656
"2012_1213",687390.059523809,24327.958590041
"2012_1301",404615.384615385,19529.8891279661
"2012_1303",711428.571428571,13469.1579174338
"2012_1304",644642.857142857,18772.6484681475
"2012_1305",446400,7440
"2012_1306",495666.666666667,11364.7018474307
"2012_1307",250000,8333.33333333333
"2012_1308",504845,23911.4451977629
"2012_1309",568211.111111111,17493.0236799379
"2012_1310",508775,9675.92074890109
"2012_1311",578666.666666667,12882.0967103836
"2012_1312",432500,6672.24702380952
"2012_1316",386190.476190476,27968.5691437855
"2012_1318",411111.111111111,9993.6650829374
"2012_1319",550000,14473.6842105263
"2012_1403",1077103.52941176,58510.8444177547
"2012_1404",1160814.63218391,32025.7034669991
"2012_1405",1574622.77777778,40228.2599489218
"2012_1406",1591148.14814815,30160.9547295687
"2012_1407",1437864.42105263,19471.4661001526
"2012_1408",2133954.16666667,26423.3275861615
"2012_1409",1903904.08163265,26163.5669406753
"2012_1410",1600966.93617021,23782.6306777905
"2012_1411",1791260.66666667,20574.260635366
"2012_1412",1781900,21526.5638149437
"2012_1413",1525201.11111111,23660.8218200925
"2012_1414",1653778.08333333,44352.9638436178
"2012_1415",1692990.37037037,42503.5177569515
"2012_1416",1645964.54285714,82871.3986537104
"2012_1417",1708218.77419355,43443.3161140159
"2012_1418",2100000,25788.6092402221
"2012_1419",1212000,54712.6753159269
"2012_1420",987312.5,62789.1307573003
"2012_1421",1527344.24615385,45569.5956221187
"2012_1422",1291637.76923077,48268.3231310636
"2012_1423",1248791.88888889,45432.0698405907
"2012_1501",490000,163333.333333333
"2012_1503",375000,9237.80487804878
"2012_1504",746373.888888889,10788.5481173136
"2012_1506",765000,19993.6143039591
"2012_1507",557900,17233.2725082233
"2012_1509",744117.647058823,13739.6936745837
"2012_1510",564000,8601.21212121212
"2012_1511",543200,15363.9751552795
"2012_1601",817781.967213115,31417.5961332369
"2012_1602",837713.157894737,24455.4702267452
"2012_1603",840640.178571429,20602.303424557
"2012_1604",794180,19283.3513745887
"2012_1605",695200,19165.3537453111
"2012_1606",621666.666666667,17725.7027556822
"2012_1607",872064.176470588,24802.9235674219
"2012_1608",935714.285714286,15140.8367092522
"2012_1609",605217.391304348,16022.069698277
"2012_1610",544874.074074074,17328.1178459441
"2012_1611",966029.069444444,28031.0329174589
"2012_1612",792607.717391304,16281.8056627331
"2012_1613",762500,18545.4822954823
"2012_1614",785081.967213115,23790.7676087442
"2012_1615",651545.454545455,22455.4053584983
"2012_1616",666666.666666667,8230.45267489712
"2012_1617",844587.837837838,23864.8721040065
"2012_1618",1351083.33333333,37913.4509954307
"2012_1619",870256.41025641,26221.0732768418
"2012_1620",962323.333333333,23886.1097692651
"2012_1621",820000,34728.9053117688
"2012_5007",1e+06,7692.30769230769
"2012_6000",435000,12377.0157717526
"2012_6087",5e+05,11904.7619047619
"2012_6097",586111.111111111,14647.5615887381
"2012_6098",371538.461538462,51347.3386638582
"2012_7001",662500,12990.1960784314
"2012_7085",250000,17857.1428571429
"2012_7096",844000,19826.5306122449
"2012_7097",507500,13546.7334820988
"2012_8000",540485.714285714,11594.2413902843
"2013_0101",250000,9700.5530129672
"2013_0102",2e+05,5714.28571428571
"2013_0103",540000,17419.3548387097
"2013_0104",3e+05,6250
"2013_0105",3e+05,18750
"2013_0106",350566.666666667,6877.06380881991
"2013_0107",383333.333333333,16040.5308410073
"2013_0108",4e+05,23529.4117647059
"2013_0109",150000,6000
"2013_0112",2e+05,2985.07462686567
"2013_0201",8e+05,34782.6086956522
"2013_0203",360000,10588.2352941176
"2013_0206",327333.333333333,6301.2506012506
"2013_0208",220000,7857.14285714286
"2013_0209",350000,11122.2222222222
"2013_0211",3e+05,8823.52941176471
"2013_0301",4e+05,7272.72727272727
"2013_0302",395000,8333.33333333333
"2013_0303",445000,12906.6038702864
"2013_0304",517000,11025.8369073631
"2013_0305",375000,5368.21705426357
"2013_0306",725000,9714.80582524272
"2013_0307",496666.666666667,12778.0561119287
"2013_0308",401228.571428571,11316.4207309718
"2013_0309",533333.333333333,15337.8378378378
"2013_0312",190000,6386.79245283019
"2013_0313",290000,9451.61290322581
"2013_0314",130000,2653.0612244898
"2013_0401",691818.181818182,14587.5041138199
"2013_0402",466666.666666667,6189.67024146392
"2013_0404",477500,13931.5603663662
"2013_0407",748025,6912.67044796457
"2013_0408",487500,37208.8613671275
"2013_0409",494090.909090909,9618.21769318868
"2013_0410",479466.666666667,9642.93933299619
"2013_0411",386666.666666667,7533.63998055511
"2013_0412",430000,7728.46908910641
"2013_0413",572222.222222222,11980.9449782676
"2013_0414",411000,10267.838102066
"2013_0415",450000,10000
"2013_0501",690000,6571.42857142857
"2013_0502",441666.666666667,16277.7987263281
"2013_0503",453333.333333333,10071.8281078444
"2013_0504",401818.181818182,8829.05271286645
"2013_0505",445454.545454545,12583.7669758461
"2013_0509",398333.333333333,10508.0330376676
"2013_0510",480833.333333333,32055.5555555556
"2013_0511",430947.368421053,9826.13638295255
"2013_0513",427000,9782.64350825326
"2013_0514",477142.857142857,10157.0048309179
"2013_0517",575000,11805.5555555556
"2013_0519",552142.857142857,15594.2654734514
"2013_0604",321666.666666667,7484.97256226256
"2013_0605",215000,8565.83072100313
"2013_0606",573500,13431.8181818182
"2013_0607",410000,7188.36068666289
"2013_0608",385800,17982.0512820513
"2013_0703",754666.666666667,14463.7228881567
"2013_0706",875603.448275862,29569.021476657
"2013_0707",628823.529411765,15779.1260544152
"2013_0708",684142.857142857,25478.7175625224
"2013_0709",507000,12117.4540761497
"2013_0710",624000,8466.82085038249
"2013_0711",495454.545454545,10374.4349966406
"2013_0712",277703.75,18193.489010989
"2013_0713",402000,7639.64580617123
"2013_0714",491153.846153846,29024.8863759229
"2013_0715",495000,15626.2010234205
"2013_0716",562172.413793103,12867.1835983242
"2013_0717",644235.294117647,27496.6102089365
"2013_0718",452000,24229.7688930358
"2013_0723",410618.181818182,11615.4059561271
"2013_0724",337500,40375
"2013_0801",545714.285714286,16593.626924454
"2013_0802",525000,8655.42090434579
"2013_0803",567903.225806452,11499.5581187102
"2013_0804",366666.666666667,29658.1196581197
"2013_0808",446600,9970.98883572568
"2013_0809",685000,9769.66569041996
"2013_0815",5e+05,7812.5
"2013_0816",1e+05,5000
"2013_0901",3e+05,4000
"2013_0902",409500,54099.9215577704
"2013_0903",533372.413793103,15146.269607329
"2013_0904",505714.285714286,11138.3219954649
"2013_0905",530333.333333333,10543.0853778689
"2013_0906",547000,19072.1990232269
"2013_0907",586512.820512821,11766.4398049887
"2013_0908",587777.777777778,19239.4190937385
"2013_0909",565285.714285714,14519.2153480849
"2013_0910",628125,14981.2826530228
"2013_0911",497335.714285714,15517.7433554383
"2013_0912",496000,14193.0896130299
"2013_0913",619777.777777778,29561.0480314973
"2013_0914",844047.368421053,22621.4636579105
"2013_0915",1700000,12925.8064634312
"2013_0916",933333.333333333,13925.6049115204
"2013_1001",801272.727272727,17913.020383745
"2013_1003",279220,26229.1669071669
"2013_1004",580925.925925926,73449.7962780127
"2013_1006",497455,8147.19336219336
"2013_1011",1e+06,3436.42611683849
"2013_1013",501618.620689655,74379.9297371259
"2013_1014",505875,15701.3351631318
"2013_1015",656050,66317.2059010441
"2013_1016",583676.037735849,64098.7210550008
"2013_1017",645263.157894737,60714.6462191116
"2013_1018",714033.333333333,66695.4748635783
"2013_1019",869444.444444444,56860.6271895746
"2013_1020",829512.647058823,24598.6581018103
"2013_1101",926888.888888889,24037.3044875248
"2013_1102",952423.076923077,23646.4207947129
"2013_1103",1071544.73684211,31969.6885454898
"2013_1104",793702.734693878,37118.9020986609
"2013_1105",1022172.82608696,43834.7203109663
"2013_1107",1217344.11764706,28799.9908821665
"2013_1108",1043046.61654135,40201.8536209233
"2013_1109",1179825.49019608,31955.7585753521
"2013_1110",1026585.36585366,30898.3597489429
"2013_1111",856052.5,26370.576324462
"2013_1112",1117787.23404255,22345.6366831763
"2013_1113",861470.357142857,34096.5661142929
"2013_1114",871047.951807229,40340.5093714942
"2013_1115",910915.151515151,35973.4153445273
"2013_1117",906538.461538462,32752.9785863606
"2013_1201",688333.333333333,19307.669111144
"2013_1202",883295,26842.5047270249
"2013_1203",816744.444444444,38478.0165589935
"2013_1204",699793.076923077,33944.0015749932
"2013_1205",694854.786666667,56220.383532869
"2013_1206",676666.666666667,17921.5742247712
"2013_1207",567443.333333333,23889.0277843761
"2013_1208",592724.137931034,26609.9213989625
"2013_1209",757703.857142857,15454.189072589
"2013_1210",620555.555555556,37627.9003025813
"2013_1211",1115827.1875,16785.4150029016
"2013_1212",930234.920634921,23572.8075713885
"2013_1213",717398.113207547,23722.0298866123
"2013_1301",460000,15833.385416585
"2013_1303",707563.157894737,15567.5281833177
"2013_1304",601627.906976744,22354.8247061422
"2013_1306",484000,12370.5968430542
"2013_1308",672590.909090909,17264.4129754357
"2013_1309",579212.820512821,16728.0474097691
"2013_1310",498235.294117647,9612.07053554691
"2013_1311",633333.333333333,13182.0763087844
"2013_1312",350000,15629.9840510367
"2013_1313",450000,7377.04918032787
"2013_1316",393928.571428571,32677.352881889
"2013_1317",350000,11435.0649350649
"2013_1318",413809.523809524,11311.4898280339
"2013_1319",385000,8753.72393247269
"2013_1403",1141756.81333333,54745.791788115
"2013_1404",1277209.67164179,31826.2798576119
"2013_1405",1390397.36842105,39612.9642751652
"2013_1406",1281090.90909091,30430.9359663551
"2013_1407",1847619.04761905,22910.8357648462
"2013_1408",2361055.55555556,34882.4956433417
"2013_1409",2170360,31376.8234243118
"2013_1410",2345031.32,27206.1833036637
"2013_1411",1812516.59090909,30650.0668790587
"2013_1412",2515187.5,28511.972850716
"2013_1413",1423497.61904762,25874.1445239308
"2013_1414",2027777.66666667,53535.8654696851
"2013_1415",1663451.92,43789.2629018079
"2013_1416",1976219.51219512,68585.4548583281
"2013_1417",1901251.54347826,39797.8510268162
"2013_1418",2566666.66666667,26930.9193395215
"2013_1419",948515.384615385,24798.9707287474
"2013_1420",1610733.33333333,56998.5133531949
"2013_1421",1676727.05882353,46895.2248994748
"2013_1422",1642994.25,52689.2431616527
"2013_1423",1401397.06578947,47325.7641270475
"2013_1503",593571.428571429,13780.7267128167
"2013_1504",759953.125,12578.4690560652
"2013_1506",550000,17741.935483871
"2013_1507",737500,12857.9938860765
"2013_1509",811551.724137931,14469.2215865572
"2013_1510",578833.333333333,13553.0411255411
"2013_1511",581535.714285714,13174.3482093489
"2013_1601",760403.6,33847.83173463
"2013_1602",976844.827586207,27215.1868229613
"2013_1603",914612.244897959,21499.5709267238
"2013_1604",534358,30736.5234774972
"2013_1605",602368.421052632,18005.1375913349
"2013_1606",662500,18449.0425999435
"2013_1607",924149.090909091,23753.111337964
"2013_1608",889171.739130435,14970.8552053626
"2013_1609",606304.545454545,14548.3457022715
"2013_1610",535331.2,14607.5981014984
"2013_1611",980124.053097345,30133.9801357726
"2013_1612",856111.904761905,18674.5939425809
"2013_1613",528750,9975.98833641947
"2013_1614",844285.714285714,24318.9411580161
"2013_1615",736681.818181818,16756.5196520962
"2013_1616",5e+05,6486.1673414305
"2013_1617",741500,22151.6141004638
"2013_1618",925000,17904.0883711467
"2013_1619",881681.818181818,21396.8157526642
"2013_1620",943461.538461538,25073.843226226
"2013_1621",716425,37618.5049019608
"2013_6000",8e+05,15094.3396226415
"2013_6097",592996.291666667,16259.3674481142
"2013_6098",391428.571428571,34497.1810642065
"2013_7001",622500,12320.4656862745
"2013_7084",1800000,5263.15789473684
"2013_7096",699166.666666667,13983.3333333333
"2013_7097",560888.888888889,17238.7246117085
"2013_8000",392234.042553191,9727.71016767792
"2013_8098",5e+05,8928.57142857143
"2013_9008",3e+05,4225.35211267606
"2013_9081",5e+05,4901.96078431373
"2014_0103",250000,8202.71682340648
"2014_0201",310000,7243.65079365079
"2014_0206",650000,6500
"2014_0207",3e+05,6250
"2014_0209",357500,4609.9366359447
"2014_0210",377500,8471.15384615385
"2014_0302",530000,7973.35777362754
"2014_0303",558000,7196.83169564122
"2014_0304",320000,6509.25925925926
"2014_0306",486000,10724.9961990108
"2014_0307",472000,10891.4574892052
"2014_0308",553250,7862.51006389503
"2014_0401",532857.142857143,14886.6821361393
"2014_0402",477272.727272727,6174.58076097626
"2014_0404",380000,30448.7179487179
"2014_0405",535000,10509.5307917889
"2014_0407",593422.777777778,8388.64148148148
"2014_0408",516250,13015.4132743969
"2014_0409",528048.965517241,13428.2735136765
"2014_0410",493846.153846154,16347.485360326
"2014_0411",475000,14024.4309167828
"2014_0412",520000,13854.1600026656
"2014_0413",471923.076923077,12680.3164170557
"2014_0414",498750,10558.0378384688
"2014_0415",536666.666666667,11558.4415584416
"2014_0502",470000,18076.9230769231
"2014_0503",487076.923076923,10457.8341928292
"2014_0504",505000,10882.2777580839
"2014_0505",501250,12278.6140594927
"2014_0509",522333.333333333,14336.776816946
"2014_0510",553150,29309.6512300572
"2014_0511",481428.571428571,10316.7967506946
"2014_0513",410000,14414.2857142857
"2014_0514",650000,7558.13953488372
"2014_0519",624117.647058823,13223.8651025113
"2014_0601",320000,18909.0909090909
"2014_0602",3e+05,6000
"2014_0603",3e+05,11538.4615384615
"2014_0604",518571.428571429,10388.3307742591
"2014_0605",464884.615384615,12388.9641461061
"2014_0606",406666.666666667,8142.04456911329
"2014_0607",388000,9201.20673952641
"2014_0608",394384.615384615,20164.9744455904
"2014_0611",375000,9214.28571428571
"2014_0612",280000,3888.88888888889
"2014_0703",755709.677419355,15707.436159577
"2014_0705",866666.666666667,9908.60990860991
"2014_0706",845200,30414.8085779511
"2014_0707",708947.368421053,15027.4104489772
"2014_0708",786946.666666667,22268.475982612
"2014_0709",605000,12554.8146113635
"2014_0710",586363.636363636,10950.9469816855
"2014_0711",518461.538461538,12959.2284940862
"2014_0712",485000,13309.5238095238
"2014_0713",460000,7908.84211573867
"2014_0714",528000,14679.2345585449
"2014_0715",610000,11767.5836400874
"2014_0716",648324.324324324,12466.1374820927
"2014_0717",723640,23504.0723507348
"2014_0718",483527.777777778,43622.5550317037
"2014_0723",452500,17059.7013192122
"2014_0724",4e+05,60125
"2014_0801",504211.764705882,20090.2772768318
"2014_0802",571052.631578947,15167.830048655
"2014_0803",631486.111111111,28606.8995922126
"2014_0804",403857.142857143,35756.8027210884
"2014_0807",360000,7500
"2014_0808",566311.111111111,10139.1696010845
"2014_0809",660000,11553.4264892119
"2014_0810",360000,10377.6638176638
"2014_0902",395833.333333333,65972.2222222222
"2014_0903",552642.424242424,15220.5820823687
"2014_0904",537272.727272727,13457.8471045862
"2014_0905",519475,20845.0225260552
"2014_0906",568421.052631579,41440.051119387
"2014_0907",562230.769230769,13605.8487389797
"2014_0908",620259.259259259,22567.0544913372
"2014_0909",579363.636363636,13133.3333206538
"2014_0910",617442,9344.08653979372
"2014_0911",533281.818181818,21243.5485629973
"2014_0912",501000,12186.4970811212
"2014_0913",692105.263157895,23490.2630958218
"2014_0914",839256.5,21737.6197636951
"2014_0915",1534444.44444444,28056.0262179965
"2014_0916",850000,13076.9230769231
"2014_1001",634100,32585.6681977874
"2014_1003",272607.176470588,28869.1121270199
"2014_1004",621387.911764706,77854.6203782919
"2014_1006",628422.166666667,9281.32178420476
"2014_1013",491704.666666667,74967.1627963943
"2014_1014",616666.666666667,11944.4444444444
"2014_1015",636736.842105263,72580.3615480879
"2014_1016",583950.61971831,69527.4163697474
"2014_1017",651071.428571429,54314.9681206548
"2014_1018",574621.621621622,71223.8029818675
"2014_1019",783845.833333333,52199.2450882118
"2014_1020",968604.058823529,23740.7417988544
"2014_1101",985966.666666667,22398.9089644104
"2014_1102",1014318.75,42916.2715599716
"2014_1103",875033.333333333,33527.5918762089
"2014_1104",857725.384615385,40979.7831190805
"2014_1105",1048759.18367347,49309.8731487978
"2014_1107",940714.211538462,33312.8481678766
"2014_1108",1154548.12315271,44206.8888968783
"2014_1109",1044753.84615385,39266.6416639281
"2014_1110",960062.162162162,33429.6130119699
"2014_1111",926397.260273973,29989.986178239
"2014_1112",896146.756756757,26848.2697242835
"2014_1113",831859.183673469,42756.888369651
"2014_1114",918818.333333333,32434.3968767969
"2014_1115",1002785.0877193,56011.8453967997
"2014_1117",930116.923076923,32773.2563740248
"2014_1201",790606.25,18809.5484665044
"2014_1202",773454.838709677,35195.6931287468
"2014_1203",854171.428571429,53446.5391014905
"2014_1204",712552.747252747,38749.8632273468
"2014_1205",778887.234042553,55104.3071868231
"2014_1206",662476.190476191,19705.7338802368
"2014_1207",595457,36403.5890462867
"2014_1208",704487.804878049,23000.3467792793
"2014_1209",737648.648648649,18144.8917381147
"2014_1210",642788,64655.4215363498
"2014_1211",930923.076923077,21013.3598704931
"2014_1212",922346.607142857,25430.2739981142
"2014_1213",722919.349514563,33864.5986426849
"2014_1301",481904.761904762,16371.7003223856
"2014_1303",717671.875,14380.7100012057
"2014_1304",709767.441860465,22644.5740215254
"2014_1305",410000,7303.57142857143
"2014_1306",496615.384615385,21415.71181246
"2014_1308",590727.272727273,23788.6887893388
"2014_1309",532528.851851852,15273.2698131073
"2014_1310",557542.857142857,10648.0074732738
"2014_1311",676190.476190476,13503.4880593443
"2014_1312",545000,9778.90329963792
"2014_1316",444782.608695652,40175.3297724684
"2014_1317",770000,10266.6666666667
"2014_1318",360000,7597.22222222222
"2014_1319",545000,12513.9411027569
"2014_1403",1163290.63461538,65940.2721002876
"2014_1404",1172511.66292135,33247.3478485624
"2014_1405",1635842.42424242,41204.5458275495
"2014_1406",1415782.75862069,31386.7311120557
"2014_1407",1679642.85714286,17999.573550246
"2014_1408",1571182.60869565,38575.3640727104
"2014_1409",2570234.15151515,34912.8557347746
"2014_1410",2125966.27906977,29808.9873811044
"2014_1411",1869357.90243902,37376.3345186194
"2014_1412",1873529.16666667,20833.5312930134
"2014_1413",1529184.8974359,22929.9023724859
"2014_1414",1535714.28571429,26855.0298907442
"2014_1415",1924538.32142857,59552.1563303563
"2014_1416",1752720.65217391,85202.5668160994
"2014_1417",2031385.55384615,42699.2786409778
"2014_1418",1207333.33333333,34679.7290759555
"2014_1419",890770,24681.5063639011
"2014_1420",1574740.74074074,61970.9478541472
"2014_1421",1717886.11504425,58187.1408349024
"2014_1422",2172467.82926829,62409.3599510426
"2014_1423",1527892.64893617,50757.2452058492
"2014_1501",6e+05,2e+05
"2014_1503",605000,8680.82788671024
"2014_1504",772535.384615385,14164.354538548
"2014_1506",783333.333333333,23974.1161616162
"2014_1507",728285.714285714,14916.079746317
"2014_1509",730750,14589.9850319373
"2014_1510",480000,16000
"2014_1511",543214.285714286,13012.0821107667
"2014_1601",895641.025641026,37082.5452919336
"2014_1602",884588.235294118,27614.8135529432
"2014_1603",925260.8,25386.0390466024
"2014_1604",721111.111111111,34142.3278156578
"2014_1605",639568.965517241,19279.6843477327
"2014_1606",712116.071428571,14266.2203401397
"2014_1607",965442.307692308,22905.2590416819
"2014_1608",938954.87804878,16017.6031371641
"2014_1609",646160,19818.3108578989
"2014_1610",528184.210526316,16110.850072745
"2014_1611",997904.09375,31656.9323355579
"2014_1612",887419.565217391,16303.7998822866
"2014_1613",592944.444444444,14591.4403304919
"2014_1614",895548.387096774,22739.9134235839
"2014_1615",782285.714285714,22250.1644107101
"2014_1616",482000,8140.71428571429
"2014_1617",895073.170731707,26644.2094902543
"2014_1618",1095833.33333333,16366.1704887886
"2014_1619",887926.470588235,29057.1886856338
"2014_1620",962905,27934.2994583565
"2014_1621",942925,35397.0069872799
"2014_6000",410833.333333333,20988.6248211602
"2014_6084",4e+05,9756.09756097561
"2014_6097",639400,20210.9510489511
"2014_6098",423750,33512.4771062271
"2014_7001",702000,13764.7058823529
"2014_7096",706538.461538462,14112.6696832579
"2014_7097",651944.444444444,20940.852850869
"2014_8000",400980.251655629,15050.2560488237
"2014_8089",250000,3571.42857142857
"2014_8098",575000,10087.7192982456
"2015_0105",250000,5555.55555555556
"2015_0106",406666.666666667,8012.02375778647
"2015_0201",270000,6428.57142857143
"2015_0202",5e+05,24256.2929061785
"2015_0204",450000,6428.57142857143
"2015_0211",525000,18798.7012987013
"2015_0302",750000,10160.3773584906
"2015_0303",371666.666666667,13919.7449039708
"2015_0305",550000,3459.11949685535
"2015_0306",390000,9503.10559006211
"2015_0307",797500,12820.4175998294
"2015_0308",478750,9215.78667202192
"2015_0309",350000,14583.3333333333
"2015_0401",603750,16457.4008760516
"2015_0402",434500,6808.67023127881
"2015_0407",606490,4851.92
"2015_0408",550000,78571.4285714286
"2015_0409",478000,11959.5614035088
"2015_0410",522500,17672.1198121347
"2015_0411",350000,23125
"2015_0412",508000,18121.1661284775
"2015_0413",474285.714285714,14160.720150129
"2015_0414",541250,15227.0403830946
"2015_0415",3e+05,7692.30769230769
"2015_0501",450000,22500
"2015_0502",3e+05,13043.4782608696
"2015_0503",560000,7601.85185185185
"2015_0504",552000,13464.3472635976
"2015_0505",676000,13145.1493825837
"2015_0509",615000,9931.57894736842
"2015_0510",562857.142857143,37523.8095238095
"2015_0511",533529.411764706,20589.6530691446
"2015_0513",710000,19550
"2015_0514",625000,10882.3529411765
"2015_0519",661250,15114.2089988561
"2015_0603",450000,8035.71428571429
"2015_0605",490000,14590.9090909091
"2015_0606",573125,11257.5156325156
"2015_0607",460000,8945.99303135888
"2015_0608",432063.333333333,17057.6857264645
"2015_0703",814500,15002.5350310868
"2015_0706",915826.086956522,33173.9136795783
"2015_0707",823285.714285714,20627.2304150332
"2015_0708",758157.894736842,33796.4420249491
"2015_0709",622000,13338.2024882025
"2015_0710",648750,18706.0671104183
"2015_0711",588181.818181818,17543.99339305
"2015_0712",255000,22215.9090909091
"2015_0713",464000,30341.1764705882
"2015_0714",558000,17065.4050506873
"2015_0715",616666.666666667,32222.2222222222
"2015_0716",606923.076923077,15844.0641183854
"2015_0717",665642.857142857,21370.1879688565
"2015_0718",482526.315789474,34312.5401639334
"2015_0720",450000,10465.6084656085
"2015_0723",433333.333333333,13535.0850850851
"2015_0724",401428.571428571,60609.7883597884
"2015_0725",4e+05,12823.275862069
"2015_0801",494250,27288.3201357466
"2015_0802",590000,28201.0295801919
"2015_0803",698227.272727273,19104.1623181861
"2015_0804",485000,45341.8803418803
"2015_0807",626500,7640.24390243902
"2015_0808",526816.666666667,9250.15030181697
"2015_0809",670000,16504.9133079056
"2015_0810",6e+05,13333.3333333333
"2015_0902",441000,66597.6190476191
"2015_0903",598181.818181818,18562.8062463146
"2015_0904",471250,10083.6457449361
"2015_0905",598148.148148148,21793.7170165718
"2015_0906",677500,37282.7968068036
"2015_0907",719333.333333333,18503.5574564298
"2015_0908",675090.375,35301.7516596174
"2015_0909",595441.176470588,12257.3399626695
"2015_0910",747042.857142857,11770.9604681033
"2015_0911",671428.571428571,25380.7427701559
"2015_0912",480909.090909091,14981.5447939233
"2015_0913",783000,30148.9671628552
"2015_0914",971652.594594595,23847.4521996694
"2015_0915",1475000,23877.2936665208
"2015_0916",850000,13076.9230769231
"2015_1001",747666.666666667,23628.9623919602
"2015_1003",480000,25952.380952381
"2015_1004",627777.777777778,87309.8074764741
"2015_1006",577518.666666667,11816.7454914108
"2015_1013",479090.909090909,88084.4155844156
"2015_1014",760000,8751.81422351234
"2015_1015",585454.545454545,76368.0598883766
"2015_1016",659423.076923077,64962.8471258292
"2015_1017",688260.869565217,36896.9040496689
"2015_1018",656296.296296296,61454.5390365139
"2015_1019",1167400,49380.7706202443
"2015_1020",1025509.87804878,23750.4721744984
"2015_1101",1040363.63636364,29452.1164398567
"2015_1102",1194705.88235294,53445.4956226953
"2015_1103",1427777.77777778,27329.8832251721
"2015_1104",825545.676470588,42983.5768104789
"2015_1105",1198571.42857143,42452.8113727268
"2015_1107",1105970.58823529,25813.6148597984
"2015_1108",1171094.93670886,48729.4110675186
"2015_1109",1145424.24242424,42865.711145948
"2015_1110",1194285.71428571,37244.6612132947
"2015_1111",895785.714285714,32107.5048085279
"2015_1112",887433.333333333,29837.570928965
"2015_1113",960816,32686.0333155912
"2015_1114",1032096.15384615,34109.6405971388
"2015_1115",1028136,60080.477478458
"2015_1117",902500,45079.1901087043
"2015_1201",855625,21397.2931136747
"2015_1202",1243076.92307692,25697.6404103838
"2015_1203",943571.428571429,35836.4405576554
"2015_1204",751810.810810811,34098.5698107065
"2015_1205",829166.666666667,43522.5420141217
"2015_1206",700909.090909091,19439.5704673027
"2015_1207",586727.272727273,26716.7119519709
"2015_1208",723205.882352941,19879.7840722055
"2015_1209",881562.5,18873.8355922779
"2015_1210",638571.428571429,37775.2176095743
"2015_1211",949020,22153.7027174061
"2015_1212",978444.444444444,26711.4888344599
"2015_1213",781418.181818182,30615.2014739519
"2015_1301",564166.666666667,20656.336345561
"2015_1303",713333.333333333,14511.8738222186
"2015_1304",647880.952380952,23474.5727968789
"2015_1305",450000,6000
"2015_1306",583636.363636364,18195.975916588
"2015_1308",718709.090909091,23793.4388022356
"2015_1309",611046.153846154,14688.4435416286
"2015_1310",604000,10780.9777495222
"2015_1311",685790,16931.2791250838
"2015_1312",610000,9600.98522167488
"2015_1313",4e+05,15250
"2015_1316",597611.111111111,53182.8360331811
"2015_1318",545000,11642.094017094
"2015_1319",712500,16945.0067476383
"2015_1403",1154716.21621622,50616.7497021115
"2015_1404",1310062.58064516,32009.8914844511
"2015_1405",1420857.14285714,32598.4034050779
"2015_1406",1306692.30769231,32647.0115401413
"2015_1407",1578571.42857143,23098.7407836246
"2015_1408",1531428.57142857,36683.1904937168
"2015_1409",2773225,36370.5586360731
"2015_1410",2407025,22907.0125405087
"2015_1411",2191300,38817.9848027099
"2015_1412",2108333.33333333,21839.421377126
"2015_1413",1757142.85714286,20463.5998945652
"2015_1414",2600000,9285.71428571429
"2015_1415",1726625,46853.4233702048
"2015_1416",2396666.66666667,51009.0115234027
"2015_1417",2082450,38013.9626888378
"2015_1418",955000,36730.7692307692
"2015_1419",1397142.85714286,21236.5465856413
"2015_1420",1131787.46153846,64870.2914362326
"2015_1421",1325619,38068.6408110101
"2015_1422",2064625,41002.5110593908
"2015_1423",1503256.41025641,45907.5712019578
"2015_1503",552666.666666667,10369.3427307668
"2015_1504",768634.146341463,16954.7787672106
"2015_1506",825000,27395.8333333333
"2015_1507",741666.666666667,15512.1848562266
"2015_1509",861975.609756098,14559.7012089018
"2015_1510",742000,16735.6209288108
"2015_1511",649589.583333333,14422.977820321
"2015_1601",930555.555555556,35653.9556732084
"2015_1602",992317.857142857,32242.1645111882
"2015_1603",916857.142857143,24036.0926448051
"2015_1604",725500,23707.6705436691
"2015_1605",765859.649122807,21690.4601547263
"2015_1606",741833.333333333,21641.89286881
"2015_1607",1027866.66666667,24913.2407470466
"2015_1608",989942.105263158,16424.5276491972
"2015_1609",698125,26014.8360588704
"2015_1610",640000,18268.7212797811
"2015_1611",993092,34022.8700026277
"2015_1612",951363.636363636,17110.8174884431
"2015_1613",694166.666666667,12016.3096907466
"2015_1614",1179166.66666667,19343.7892721017
"2015_1615",776500,21149.6217920313
"2015_1616",516666.666666667,12378.4992784993
"2015_1617",869444.444444444,26019.538969405
"2015_1618",1068750,15830.7650308718
"2015_1619",967500,28659.7862175424
"2015_1620",961875,47883.3293068461
"2015_1621",770000,31175.8103914967
"2015_6000",425000,24400.8595571096
"2015_6097",670000,23006.2458908613
"2015_6098",449696.96969697,46856.3178474044
"2015_7001",850000,16666.6666666667
"2015_7096",727500,14550
"2015_7097",844747.619047619,31270.770771385
"2015_8000",422909.745762712,15153.5059177624
"2016_0106",5e+05,20833.3333333333
"2016_0108",4e+05,11111.1111111111
"2016_0110",869000,11586.6666666667
"2016_0111",220000,4888.88888888889
"2016_0205",650000,7065.21739130435
"2016_0302",5e+05,19230.7692307692
"2016_0303",550000,8904.12750657899
"2016_0306",452500,14256.9786535304
"2016_0307",567857.142857143,10117.0549629196
"2016_0308",545000,9951.64512074693
"2016_0309",4e+05,5714.28571428571
"2016_0312",425000,5114.56628477905
"2016_0401",580000,23200
"2016_0402",7e+05,46666.6666666667
"2016_0405",450000,11250
"2016_0407",588316.666666667,6600.11228070175
"2016_0408",570000,81428.5714285714
"2016_0409",602500,14907.7380952381
"2016_0410",560000,17404.7977097622
"2016_0411",525000,11166.6666666667
"2016_0412",650000,10833.3333333333
"2016_0413",583333.333333333,8587.84802677553
"2016_0414",750000,7500
"2016_0502",7e+05,9722.22222222222
"2016_0505",750000,19230.7692307692
"2016_0510",598166.666666667,38988.8888888889
"2016_0511",565000,16642.8571428571
"2016_0513",5e+05,16666.6666666667
"2016_0519",760000,17678.1045751634
"2016_0604",430000,6323.52941176471
"2016_0605",4e+05,6153.84615384615
"2016_0606",450000,7627.1186440678
"2016_0607",5e+05,14285.7142857143
"2016_0608",444000,18274.2474916388
"2016_0703",867142.857142857,14779.6363026837
"2016_0705",766000,9871.42857142857
"2016_0706",1001576.78571429,34616.148508499
"2016_0707",8e+05,17868.6594847008
"2016_0708",928150,26497.9022988506
"2016_0709",933333.333333333,46944.0028263558
"2016_0710",6e+05,8571.42857142857
"2016_0711",582000,11704.5308689514
"2016_0712",255000,21250
"2016_0713",525000,50000
"2016_0714",550000,14166.6666666667
"2016_0715",7e+05,24976.8518518519
"2016_0716",784400,14238.043089119
"2016_0717",842500,39103.9332399627
"2016_0718",495714.285714286,44001.4475487165
"2016_0723",521666.666666667,19607.6427598167
"2016_0724",425000,64861.1111111111
"2016_0801",625833.333333333,15004.8032696848
"2016_0802",662222.222222222,44638.1478175503
"2016_0803",595823.529411765,36574.8213038717
"2016_0804",585000,53083.3333333333
"2016_0806",2e+05,20000
"2016_0807",428000,13300.4440691747
"2016_0808",618571.428571429,16951.8239819926
"2016_0809",596250,21260.8852486856
"2016_0810",385000,18506.9444444444
"2016_0812",550000,6875
"2016_0813",356666.666666667,7919.63412931155
"2016_0817",650000,8227.84810126582
"2016_0819",220000,6285.71428571429
"2016_0902",421111.333333333,70185.2222222222
"2016_0903",642920,17432.8315377054
"2016_0904",815000,11771.5097402597
"2016_0905",571106.666666667,22599.7074246279
"2016_0906",585571.428571429,41481.2072164289
"2016_0907",740000,12313.9786858136
"2016_0908",702574.4,33240.8534155385
"2016_0909",640714.285714286,17993.6774711021
"2016_0910",764685.714285714,15505.9658677485
"2016_0911",514500,38156.1925230342
"2016_0912",465000,13537.8151260504
"2016_0913",698800,37582.5013396565
"2016_0914",926915,26717.3172122484
"2016_0915",2455833.33333333,20484.556255337
"2016_0916",978000,13971.4285714286
"2016_1001",673333.333333333,20913.9395595637
"2016_1003",323130.769230769,30838.3022383022
"2016_1004",675416.666666667,96967.1023006689
"2016_1006",776000,17201.4652014652
"2016_1013",598400,58358.0952380952
"2016_1014",533333.333333333,15501.5688445921
"2016_1015",727000,59561.0531568949
"2016_1016",649677.419354839,71101.7483168049
"2016_1017",916666.666666667,26818.9466955199
"2016_1018",768571.428571429,69010.0250626566
"2016_1019",661645.333333333,58044.8923395445
"2016_1020",1123805.70588235,31472.7695199687
"2016_1101",1241666.66666667,26388.2780841104
"2016_1102",1108305.55555556,44231.1941251596
"2016_1103",1093600,26541.4556862636
"2016_1104",992834.482758621,42350.0461991389
"2016_1105",1214696.2962963,54416.3117972782
"2016_1107",967708.333333333,21541.6393278599
"2016_1108",1304254.71698113,53546.2378892271
"2016_1109",1207147.05882353,43319.3557519835
"2016_1110",1085714.28571429,38272.6951653775
"2016_1111",971693.103448276,28989.3339648429
"2016_1112",1464420,51870.951648936
"2016_1113",1042841.17647059,45691.202753217
"2016_1114",1257800,43427.8512978428
"2016_1115",1174027.77777778,71094.1977129992
"2016_1117",910000,24968.9022203921
"2016_1201",896785.714285714,22709.7885338937
"2016_1202",1100370.37037037,31228.1705724491
"2016_1203",994146.666666667,30074.0729204905
"2016_1204",834392.105263158,45905.8515858879
"2016_1205",834600,47948.189305518
"2016_1206",781692.307692308,20635.4634482989
"2016_1207",700855.555555556,36535.9643548778
"2016_1208",771000,25999.6214729369
"2016_1209",958928.571428571,17560.8936880954
"2016_1210",740434.782608696,42199.32193803
"2016_1211",1321200,18563.6214733441
"2016_1212",1008045.83333333,24912.0636606548
"2016_1213",930200,32067.8158300353
"2016_1301",623125,18529.2592787463
"2016_1303",758888.888888889,14781.6806437496
"2016_1304",641666.666666667,25119.7011212118
"2016_1306",684000,25290.6889795196
"2016_1308",603255.555555556,31908.6859913432
"2016_1309",617100,15756.3987703118
"2016_1310",584428.571428571,10932.9976930043
"2016_1311",685222.222222222,10852.4942657102
"2016_1312",576666.666666667,9841.00529100529
"2016_1316",506666.666666667,46666.6666666667
"2016_1319",4e+05,7843.13725490196
"2016_1403",1320828.57142857,84946.5346459198
"2016_1404",1393191.66666667,40036.5505592353
"2016_1405",1483227.27272727,49553.5307487096
"2016_1406",2130230.76923077,43171.3532695816
"2016_1407",1777884.8,21820.8568508579
"2016_1408",2835400,34334.4358674928
"2016_1409",3207842.10526316,27214.0301024916
"2016_1410",1864526.31578947,26008.3236827619
"2016_1411",1858904,48696.4614573708
"2016_1412",3164683.63636364,23551.6944775987
"2016_1413",1773223.52941176,25333.1422725095
"2016_1414",2285714.28571429,30475.7215021121
"2016_1415",2048578.94736842,51560.8140011954
"2016_1416",1997115.38461538,76990.8535689595
"2016_1417",2094473.68421053,38127.2824618432
"2016_1418",1100000,34375
"2016_1419",907000,37333.3333333333
"2016_1420",1166666.66666667,67320.2614379085
"2016_1421",1809633.92857143,45054.6137645935
"2016_1422",1735095,58468.7681345361
"2016_1423",1588300,46992.5359889761
"2016_1503",1002500,11555.3300865801
"2016_1504",962153.846153846,14406.9818406909
"2016_1507",792000,24234.7864967583
"2016_1509",810000,15492.3331001822
"2016_1510",560000,12250
"2016_1511",699333.333333333,9514.04122271909
"2016_1601",1056333.33333333,34807.8562918786
"2016_1602",1119615.38461538,28435.3369828279
"2016_1603",924260,22369.7053202575
"2016_1604",694000,37912.9389129389
"2016_1605",832500,24528.6601304757
"2016_1606",778888.888888889,18525.4284882768
"2016_1607",1075068.96551724,29793.4359480972
"2016_1608",1067089.58333333,19654.7502884919
"2016_1609",699266.666666667,29185.4657290033
"2016_1610",591300,14393.7856356766
"2016_1611",1074421.95121951,33678.6156124774
"2016_1612",878085.714285714,18330.5295732348
"2016_1613",845000,19074.847027972
"2016_1614",961666.666666667,28316.359039037
"2016_1615",686363.636363636,24128.5402235573
"2016_1616",360000,14400
"2016_1617",837500,19692.1794972399
"2016_1618",916666.666666667,29459.7701149425
"2016_1619",958750,32212.2205770842
"2016_1620",1033333.33333333,26242.2613229065
"2016_1621",885000,33843.4695912263
"2016_6000",460000,14540.7746160795
"2016_6084",230000,5111.11111111111
"2016_6085",270000,4260.86956521739
"2016_6087",235000,11392.8571428571
"2016_6097",754296.296296296,24692.3438701216
"2016_6098",517777.777777778,35646.8151864327
"2016_7001",825000,16176.4705882353
"2016_7096",810000,16200
"2016_7097",889268.75,33385.0031862111
"2016_8000",443153.846153846,12594.4042517735
"2016_8005",740000,11384.6153846154
"2017_0106",350000,6363.63636363636
"2017_0109",350000,7378.4355179704
"2017_0111",350000,5396.65725047081
"2017_0112",450000,10000
"2017_0202",480000,8135.59322033898
"2017_0206",450000,13690.4761904762
"2017_0303",510000,5295.91836734694
"2017_0307",612500,10325.4300849155
"2017_0308",550000,6999.24414210128
"2017_0312",350000,5737.70491803279
"2017_0401",595000,28698.2323232323
"2017_0402",570000,11162.2872561229
"2017_0404",6e+05,54545.4545454545
"2017_0407",679300,6484.4
"2017_0408",540000,57380.9523809524
"2017_0409",7e+05,13096.1440892948
"2017_0410",608000,25773.6479207067
"2017_0411",650000,8612.5
"2017_0412",580000,10242.4073558094
"2017_0413",6e+05,18006.993006993
"2017_0414",592500,16032.956032956
"2017_0415",6e+05,9034.09090909091
"2017_0501",650000,6500
"2017_0502",220000,9565.21739130435
"2017_0503",6e+05,13043.4782608696
"2017_0504",526000,7506.40618640619
"2017_0505",750000,13076.9230769231
"2017_0509",567500,13092.8343148815
"2017_0510",650000,43333.3333333333
"2017_0511",750000,6184.95077355837
"2017_0519",725000,13789.0070921986
"2017_0602",410000,2240.43715846995
"2017_0604",550000,9248.59011955786
"2017_0605",575000,6281.49224806202
"2017_0606",5e+05,9433.96226415094
"2017_0607",414000,4520.66115702479
"2017_0608",524000,16280.5429864253
"2017_0703",991750,42358.9468281879
"2017_0705",862500,11201.2987012987
"2017_0706",1011800,36726.012223071
"2017_0707",834000,23126.639829087
"2017_0708",831818.181818182,30170.6488421477
"2017_0709",1100000,8730.15873015873
"2017_0710",762500,11596.0200909025
"2017_0711",712333.333333333,13695.4677049017
"2017_0712",281666.666666667,24919.1919191919
"2017_0713",550000,7534.24657534247
"2017_0714",490000,11171.875
"2017_0715",658000,27497.9508848994
"2017_0716",680000,16503.7858937345
"2017_0717",782500,31634.6482816988
"2017_0718",555318.181818182,43354.9724808423
"2017_0720",7e+05,20000
"2017_0723",6e+05,16037.6215526861
"2017_0724",452222.222222222,68932.0987654321
"2017_0801",1050000,19318.1818181818
"2017_0802",634545.454545455,75367.5933995083
"2017_0803",713000,37655.2804415363
"2017_0808",611666.666666667,16379.6228942682
"2017_0809",603142.857142857,24350.8658008658
"2017_0902",499375,83229.1666666667
"2017_0903",528888.888888889,15424.4805781391
"2017_0904",712500,12566.1549707602
"2017_0905",547038,23306.579806723
"2017_0906",736000,19443.6320667627
"2017_0907",918500,37698.5815602837
"2017_0908",857500,24270.8333333333
"2017_0909",715000,11681.7841504673
"2017_0910",590833.333333333,15448.6923894819
"2017_0911",908333.333333333,28160.0051600052
"2017_0912",566666.666666667,19714.9758454106
"2017_0913",734000,57779.5990906798
"2017_0914",1032700,28574.7368750794
"2017_0915",1e+06,55555.5555555556
"2017_1001",1146361.53846154,40782.2642297694
"2017_1003",376757.142857143,30715.8026695527
"2017_1004",726814.814814815,91314.5390070922
"2017_1006",577140.666666667,10961.5327635328
"2017_1013",950000,68640.356142457
"2017_1014",6e+05,11320.7547169811
"2017_1015",794666.666666667,43880.1281814265
"2017_1016",720920.083333333,66365.7744258057
"2017_1017",979090.909090909,42527.2197429447
"2017_1018",614285.714285714,79886.9793531448
"2017_1019",927500,85658.4011807378
"2017_1020",1069707.31707317,24684.5525193933
"2017_1101",1050000,54566.8288555864
"2017_1102",1591571.42857143,49415.4820745855
"2017_1103",1457777.77777778,24912.5392955303
"2017_1104",1102906.25,31685.5086927041
"2017_1105",1729333.33333333,49045.0214293856
"2017_1107",1630000,32202.9139966301
"2017_1108",1407622.95081967,52222.570214327
"2017_1109",1686346.93877551,63705.8072783258
"2017_1110",1339925.92592593,38620.0971866015
"2017_1111",1118965.51724138,34497.4231633356
"2017_1112",1446757.57575758,34921.301640199
"2017_1113",1491428.57142857,45176.7199609084
"2017_1114",1155685.18518519,47974.8363463168
"2017_1115",1162662.94117647,56768.4404056174
"2017_1117",1384375,43981.7158030826
"2017_1201",1256250,25143.5827103931
"2017_1202",1317409.09090909,52579.0580874353
"2017_1203",1090000,37652.1212835276
"2017_1204",836333.333333333,53413.5950374551
"2017_1205",1250476.19047619,64417.9299341088
"2017_1206",774750,18072.8808797306
"2017_1207",708470.588235294,39608.0425877495
"2017_1208",812857.142857143,27946.6260318405
"2017_1209",936666.666666667,18434.2258674188
"2017_1210",765518.518518519,84850.9454669387
"2017_1211",1457142.85714286,18784.5422615622
"2017_1212",1097307.69230769,26574.7484319615
"2017_1213",976605.263157895,34212.6274719079
"2017_1301",711666.666666667,17647.5702038317
"2017_1303",830909.090909091,16655.6035396161
"2017_1304",813000,21296.2860184496
"2017_1306",672857.142857143,37705.6530540947
"2017_1307",8e+05,8163.26530612245
"2017_1308",774000,10853.0732345248
"2017_1309",554600,26959.1044828954
"2017_1310",616666.666666667,12339.0894819466
"2017_1311",717227.272727273,18453.5824831808
"2017_1312",743333.333333333,10306.5134099617
"2017_1314",1600000,11428.5714285714
"2017_1316",531666.666666667,41973.0407790109
"2017_1318",480000,32000
"2017_1319",675000,10719.6029776675
"2017_1403",1428428.57142857,85680.0600285507
"2017_1404",1463951.25,44554.1184197843
"2017_1405",2237250,43213.1997260035
"2017_1406",2050000,32212.7812881055
"2017_1407",1983333.33333333,33948.8636363636
"2017_1408",1993857.14285714,37575.1564862661
"2017_1409",2564333.33333333,33986.3473484028
"2017_1410",2101777.77777778,33640.338614998
"2017_1411",2111615.38461538,49781.7244267956
"2017_1412",2049666.66666667,33580.8179386089
"2017_1413",1692812.5,22498.9053490258
"2017_1414",2187200,25758.1777298075
"2017_1415",1897227.27272727,60635.2401190642
"2017_1416",1918923.07692308,45159.550471447
"2017_1417",2284833.33333333,53197.592775791
"2017_1418",879666.666666667,28306.330787309
"2017_1420",1281500,74821.1641299877
"2017_1421",1818548.38709677,59925.8382341918
"2017_1422",1658904.76190476,60166.3994160975
"2017_1423",1700636.36363636,58196.9878206066
"2017_1503",6e+05,9324.18239562604
"2017_1504",1003716.66666667,15977.1472224404
"2017_1506",1e+06,29411.7647058824
"2017_1507",940950,21632.3219285006
"2017_1509",835645.161290323,16164.6804117695
"2017_1510",867500,24928.125
"2017_1511",699842.105263158,14811.3459731053
"2017_1601",1005035.71428571,31874.5883722633
"2017_1602",1492551.72413793,39851.6162076552
"2017_1603",947916.666666667,30840.4855455599
"2017_1604",1065416.66666667,25045.1330944483
"2017_1605",718750,18112.5546956082
"2017_1606",891529.411764706,14510.357362949
"2017_1607",1357461.53846154,22983.548924928
"2017_1608",1036900,20434.4555281095
"2017_1609",745738.095238095,31853.3263955079
"2017_1610",604400,13173.6953314615
"2017_1611",1215466.66666667,40900.4672453006
"2017_1612",1084179.48717949,20481.8308403423
"2017_1613",870000,25673.0769230769
"2017_1614",1007647.05882353,34152.9048533261
"2017_1615",822857.142857143,34178.1820537073
"2017_1616",685000,18440.4388714734
"2017_1617",1067609.09090909,25688.9888271832
"2017_1618",1166818.18181818,19944.0396482962
"2017_1619",1063636.36363636,34724.6233513082
"2017_1620",1546666.66666667,42834.0637679477
"2017_1621",1026666.66666667,47202.614379085
"2017_6000",410000,68333.3333333333
"2017_6084",375000,5604.61956521739
"2017_6097",763846.153846154,34448.7254826621
"2017_6098",468363.636363636,54096.1235733963
"2017_7001",881111.111111111,17241.0759175465
"2017_7096",830000,16600
"2017_7097",958862.5,27338.6048090384
"2017_8000",469958.197368421,16337.2201322932
"2017_8005",740000,11384.6153846154
"2017_8089",528000,6211.76470588235
"2017_8098",650000,11607.1428571429
"2018_0103",1900000,44186.0465116279
"2018_0104",350000,5555.55555555556
"2018_0105",370000,7400
"2018_0201",7e+05,10937.5
"2018_0206",350000,5000
"2018_0303",687500,9519.95545881198
"2018_0307",589000,19220.7602339181
"2018_0308",812500,8143.4198312586
"2018_0401",506666.666666667,9184.14918414918
"2018_0407",881480,14595.8922875817
"2018_0409",787500,7177.69296013571
"2018_0410",750000,34090.9090909091
"2018_0411",577500,11314.0692640693
"2018_0412",675000,10108.2474226804
"2018_0413",716666.666666667,17374.4700234766
"2018_0414",570000,14615.3846153846
"2018_0415",2500000,19083.9694656489
"2018_0503",6e+05,18010.752688172
"2018_0509",550000,25000
"2018_0510",710000,47333.3333333333
"2018_0511",570000,10505.8631715719
"2018_0513",550000,11458.3333333333
"2018_0514",580000,13488.3720930233
"2018_0519",580000,11600
"2018_0604",650000,13941.4098972923
"2018_0605",450000,13235.2941176471
"2018_0607",372225,3480.54285026481
"2018_0608",5e+05,24124.3131868132
"2018_0609",450000,14516.1290322581
"2018_0703",1090905.26315789,63168.8721789731
"2018_0705",1e+06,12987.012987013
"2018_0706",1024588.23529412,69132.4206806906
"2018_0707",855000,20647.0014080901
"2018_0708",850000,30533.9926782052
"2018_0709",825000,9557.62987012987
"2018_0710",1e+06,15214.2232585252
"2018_0711",861428.571428571,19284.8660976362
"2018_0712",350000,5384.61538461538
"2018_0713",646666.666666667,7358.73015873016
"2018_0714",633750,18012.6647583544
"2018_0715",595000,13456.9397783683
"2018_0716",765555.555555556,15810.5316200554
"2018_0717",715000,35338.3458646617
"2018_0718",637055.555555556,60500.8558189298
"2018_0720",452500,17595.2380952381
"2018_0722",220000,6666.66666666667
"2018_0723",686666.666666667,23413.665038665
"2018_0724",498829.090909091,71744.2229188436
"2018_0801",583333.333333333,12610.9787062942
"2018_0802",623636.363636364,96895.6431787757
"2018_0803",630750,68159.7402597403
"2018_0804",610000,55230.7692307692
"2018_0808",1050000,16188.9834303627
"2018_0809",1e+06,7575.75757575758
"2018_0902",550000,91666.6666666667
"2018_0903",658000,13429.0799224207
"2018_0904",8e+05,22222.2222222222
"2018_0905",644400,26242.676056338
"2018_0906",926666.666666667,51671.0758377425
"2018_0907",1650000,16926.1119362082
"2018_0908",850000,37371.5695488722
"2018_0909",766666.666666667,10992.456388496
"2018_0911",598571.428571429,46137.9769299024
"2018_0912",714000,24313.8382024097
"2018_0913",721176.470588235,53206.5526161185
"2018_0914",994210.526315789,23942.4165618551
"2018_1001",1337647.05882353,19217.1834011255
"2018_1003",1e+06,26315.7894736842
"2018_1004",727636.363636364,103304.857081453
"2018_1006",623000,9888.88888888889
"2018_1008",5e+05,9090.90909090909
"2018_1013",624000,87178.5714285714
"2018_1014",693333.333333333,18157.7873353511
"2018_1015",882100,79887.1657371657
"2018_1016",794571.428571429,76666.3777874675
"2018_1017",895000,37390.7492908704
"2018_1018",757769.230769231,80173.6596736597
"2018_1019",1004321.8,44920.0408311688
"2018_1020",1259250,29461.4302152329
"2018_1101",1460000,34917.5940824392
"2018_1102",1188333.33333333,89103.0092592593
"2018_1103",1250000,33709.8607558966
"2018_1104",1120588.23529412,50630.8492081987
"2018_1105",1814875,53760.7101533095
"2018_1107",1240285.71428571,52261.0148935232
"2018_1108",1738318.18181818,60987.8065713671
"2018_1109",1470117.64705882,46535.4678032086
"2018_1110",1414222.22222222,38132.1936831913
"2018_1111",1442617.64705882,43770.2561604694
"2018_1112",1165769.23076923,39433.928555459
"2018_1113",2678571.42857143,32312.8451792344
"2018_1114",1308333.33333333,43528.121492187
"2018_1115",1117000,42790.7858174224
"2018_1117",2333333.33333333,69415.3316562955
"2018_1201",1042857.14285714,26113.7773515392
"2018_1202",1760769.23076923,64346.8544348275
"2018_1203",785000,91729.7297297297
"2018_1204",950200,32954.5540500583
"2018_1205",946347.826086957,58365.2778929148
"2018_1206",828333.333333333,17308.4996296063
"2018_1207",819750,40778.783207756
"2018_1208",876315.789473684,32789.3542330678
"2018_1209",1133103.44827586,19512.462478165
"2018_1210",780727.272727273,83519.6898004509
"2018_1211",1792924.5,33252.9157252235
"2018_1212",1144545.45454545,30180.5671651298
"2018_1213",878218.75,32008.5298434909
"2018_1301",698333.333333333,24448.229707224
"2018_1302",475000,11382.3529411765
"2018_1304",776153.846153846,38946.5579138974
"2018_1305",663750,24538.4065974872
"2018_1306",766923.076923077,29253.0053332752
"2018_1308",803692.307692308,27673.3814363863
"2018_1309",709055.555555556,20279.2212660634
"2018_1310",690000,11571.4979701765
"2018_1311",948750,21796.9801688791
"2018_1312",7e+05,11475.4098360656
"2018_1316",521000,58227.2727272727
"2018_1318",705000,16832.2872169943
"2018_1319",335000,15952.380952381
"2018_1403",1660666.66666667,76514.7615179037
"2018_1404",1803882.35294118,40456.8327466072
"2018_1405",1937800,40777.0160643709
"2018_1406",2130000,34324.0008839087
"2018_1407",2003000,25931.0689310689
"2018_1408",2160600,53967.0954598848
"2018_1409",3835187.5,38236.6092642776
"2018_1410",2756333.33333333,28168.2560997787
"2018_1411",2978142.85714286,36503.4863284197
"2018_1412",2225000,24703.8734841039
"2018_1413",1819181.81818182,28276.1286908106
"2018_1414",4e+06,14268.8016907404
"2018_1415",2242823.52941176,63077.5739199333
"2018_1416",2017888.88888889,58161.6643854916
"2018_1417",2068181.81818182,46928.2527835215
"2018_1419",1200000,75000
"2018_1420",1055000,76036.8686868687
"2018_1421",1959083.33333333,63788.6592488639
"2018_1422",1579833.33333333,55745.6970523252
"2018_1423",1889791.66666667,67189.1688492137
"2018_1503",710000,19121.3517665131
"2018_1504",1072302.3255814,18166.2524336493
"2018_1507",1112307.69230769,16946.7195838341
"2018_1509",996642.857142857,19012.4868277332
"2018_1511",834571.428571429,15807.0151645771
"2018_1601",1484642.85714286,31437.0313218842
"2018_1602",2138682.92682927,25468.9002792346
"2018_1603",1241729.72972973,25893.664150227
"2018_1604",988888.888888889,31200.4477004477
"2018_1605",914343.617021277,24651.2040417395
"2018_1606",886846.153846154,24320.492183717
"2018_1607",1039400,32121.3222935561
"2018_1608",1300888.88888889,20688.0844128289
"2018_1609",797703.125,34822.8354440835
"2018_1610",641081.081081081,15462.9365653998
"2018_1611",1246413.04347826,45972.5653794164
"2018_1612",1511153.84615385,19141.8347523718
"2018_1613",744444.444444444,21066.281111086
"2018_1614",1131600,30979.1031834116
"2018_1615",961428.571428571,28875.7606543966
"2018_1616",665000,18380.4347826087
"2018_1617",1093222.22222222,32290.4130502611
"2018_1618",1055982.83333333,22273.3888145671
"2018_1619",1562500,32503.6992198009
"2018_1620",1878772.72727273,32357.6312525787
"2018_1621",1e+06,16949.1525423729
"2018_6000",375000,62500
"2018_6097",797500,22888.8132175947
"2018_6098",603846.153846154,59502.5807525808
"2018_7001",686666.666666667,12957.5163398693
"2018_7096",962500,19250
"2018_7097",982666.666666667,23983.1494084696
"2018_8000",510973.648648649,31289.2573839021
"2018_8005",835000,12846.1538461538
"2018_9082",5700000,19000
"2019_0101",320000,9142.85714285714
"2019_0103",516666.666666667,8563.49206349206
"2019_0104",607500,27504.4300328827
"2019_0105",546666.666666667,14796.62004662
"2019_0106",666666.666666667,36982.8722002635
"2019_0107",910000,12783.373623422
"2019_0202",660000,19782.6086956522
"2019_0204",650000,22413.7931034483
"2019_0205",325000,9558.82352941177
"2019_0206",1050000,24394.1326530612
"2019_0211",7e+05,7777.77777777778
"2019_0302",750000,21500
"2019_0303",911000,15061.2901808217
"2019_0305",7e+05,10769.2307692308
"2019_0306",815000,15970.5128205128
"2019_0307",517000,13605.2631578947
"2019_0308",9e+05,9183.67346938776
"2019_0401",718750,20122.9434059387
"2019_0402",655000,18176.2499895784
"2019_0404",833333.333333333,83751.0237510237
"2019_0405",450000,50000
"2019_0408",633333.333333333,49068.3229813665
"2019_0409",870909.090909091,18598.5053426353
"2019_0410",1100000,6875
"2019_0412",790000,14856.1507936508
"2019_0413",753333.333333333,20242.4020811574
"2019_0414",770000,40000.9715188287
"2019_0501",750000,6818.18181818182
"2019_0504",625000,27037.037037037
"2019_0505",580000,6823.52941176471
"2019_0509",576666.666666667,14601.0031919745
"2019_0510",736666.666666667,49111.1111111111
"2019_0511",650000,15116.2790697674
"2019_0513",7e+05,36842.1052631579
"2019_0514",907500,27245.930140667
"2019_0519",888083.333333333,22554.9766653847
"2019_0605",550000,7857.14285714286
"2019_0607",530000,16356.4814814815
"2019_0611",7e+05,10294.1176470588
"2019_0703",1332303.03030303,82978.5917291636
"2019_0706",1201555.55555556,39441.5654283317
"2019_0707",962500,17092.175066313
"2019_0708",895714.285714286,41899.5035874367
"2019_0709",850000,27320.7990599295
"2019_0710",8e+05,11840.3086639388
"2019_0711",823333.333333333,19555.5555555556
"2019_0712",288000,24000
"2019_0713",472500,27982.1428571429
"2019_0714",720000,24728.5353535354
"2019_0715",6e+05,16081.8713450292
"2019_0716",941666.666666667,16740.5446582264
"2019_0717",850000,28750
"2019_0718",658461.538461538,65589.5700460918
"2019_0720",516000,34400
"2019_0723",625000,22628.2051282051
"2019_0724",520000,78477.7777777778
"2019_0802",745555.555555556,62211.9536078245
"2019_0803",743333.333333333,50464.9156198452
"2019_0804",780000,45882.3529411765
"2019_0808",845000,11681.8181818182
"2019_0809",1256666.66666667,18774.9809305873
"2019_0902",626000,54933.3333333333
"2019_0903",748000,23799.3281228575
"2019_0904",1075000,19654.6052631579
"2019_0905",644166.666666667,20497.5477656453
"2019_0906",826666.666666667,121666.666666667
"2019_0907",1070000,22765.9574468085
"2019_0908",768571.428571429,71761.8404515688
"2019_0909",7e+05,14583.3333333333
"2019_0911",575000,19058.3193979933
"2019_0912",789285.714285714,18150.49342008
"2019_0913",602222.222222222,76516.2269292704
"2019_0914",1286000,43208.1668291421
"2019_0915",1700000,85000
"2019_1001",2500636.36363636,24977.4624852525
"2019_1004",805761.904761905,112811.790888387
"2019_1008",930000,14090.9090909091
"2019_1013",706666.666666667,76190.4761904762
"2019_1014",902000,20804.3133411757
"2019_1015",1176000,68152.8012217667
"2019_1016",962500,71065.4303858291
"2019_1017",988000,63869.5242162201
"2019_1018",2246666.66666667,46485.4062448289
"2019_1019",920000,73580.8982683983
"2019_1020",906285.714285714,16336.8136135932
"2019_1101",1400000,30386.6752687507
"2019_1102",1878666.66666667,59066.0363850166
"2019_1103",1431250,32884.5125647171
"2019_1104",1302909.09090909,48979.1532352417
"2019_1105",2294538.46153846,56163.2287908982
"2019_1107",1603812.5,48494.760330254
"2019_1108",2046532.60869565,63324.9392719783
"2019_1109",1655550,67833.1989032161
"2019_1110",1657485.71428571,31152.0798674423
"2019_1111",1344166.66666667,61171.631495436
"2019_1112",1943150,39932.5020806387
"2019_1113",2115000,46234.7702691042
"2019_1114",1295761.9047619,39694.2217376546
"2019_1115",1454350,44668.3403628967
"2019_1117",1884210.52631579,32887.7872030979
"2019_1201",1107142.85714286,34087.6048883047
"2019_1202",1275929.35483871,64373.2413430246
"2019_1203",1105166.66666667,66160.9521993389
"2019_1204",1095294.11764706,52997.6765615983
"2019_1205",1147500,49511.3888476196
"2019_1206",895583.333333333,25471.6690324622
"2019_1207",870000,36321.2692752568
"2019_1208",1017000,29659.1599317794
"2019_1209",1141481.48148148,29024.2412985937
"2019_1210",950789.473684211,41615.7222914594
"2019_1211",1520315.78947368,41407.9210989246
"2019_1212",1318000,42341.7222516933
"2019_1213",1168785.71428571,36120.7433337814
"2019_1301",770000,26233.2034262981
"2019_1303",955000,21466.2004662005
"2019_1304",895111.111111111,37266.2974474228
"2019_1305",690000,15608.0823431887
"2019_1306",729230.769230769,39561.4151730127
"2019_1308",772500,23032.4006190942
"2019_1309",782727.272727273,29961.4530491154
"2019_1310",646666.666666667,14181.4088689089
"2019_1311",1002857.14285714,19701.9253220492
"2019_1312",645000,16574.1296872056
"2019_1316",637857.142857143,50457.8581128329
"2019_1318",504000,16721.3675213675
"2019_1403",1682047.61904762,104088.799233757
"2019_1404",2306250,53265.7107550264
"2019_1405",3240000,43879.0324323909
"2019_1406",2075000,29657.2431633407
"2019_1407",3416666.66666667,36289.9444857209
"2019_1408",1962500,59673.7938596491
"2019_1409",4405500,56522.2790003208
"2019_1410",3629857.14285714,36279.7409333662
"2019_1411",2672600,54252.9482069948
"2019_1412",3833333.33333333,33540.8140604676
"2019_1413",1850375,46104.8308215634
"2019_1414",2600000,23853.2110091743
"2019_1415",2479444.44444444,57953.4545216696
"2019_1416",3098461.53846154,47777.1597895582
"2019_1417",2422312.5,50748.208205364
"2019_1418",954350,35346.2962962963
"2019_1419",2412500,35413.0099620493
"2019_1420",1226500,79766.0059239007
"2019_1421",2197066.66666667,71753.4351792387
"2019_1422",2900000,46813.129318135
"2019_1423",1822625,70066.5588684028
"2019_1503",7e+05,19263.9360498019
"2019_1504",1081907.14285714,18517.1418013969
"2019_1507",1045000,25131.1090225564
"2019_1509",935000,25457.1274895318
"2019_1510",1116666.66666667,19953.6107125777
"2019_1511",698000,13945.9468916804
"2019_1601",1211481.48148148,40170.4030465772
"2019_1602",1747826.08695652,36886.4754768691
"2019_1603",1257083.33333333,37908.1062433527
"2019_1604",995000,34223.4169653524
"2019_1605",1006363.63636364,38089.5232458358
"2019_1606",860636.363636364,21991.0425606798
"2019_1607",1206428.57142857,41631.3104640618
"2019_1608",1400000,21723.2770916773
"2019_1609",806530.163265306,38951.606958617
"2019_1610",770692.25,16480.558778543
"2019_1611",1328981.55555556,43875.2458183256
"2019_1612",1420945.94594595,21956.3663390504
"2019_1613",1250000,15625
"2019_1614",2150000,17030.4232804233
"2019_1615",995000,52055.9203338736
"2019_1616",696666.666666667,15977.2381573229
"2019_1617",1197321.11111111,32430.7427361284
"2019_1618",1410000,24618.7584345479
"2019_1619",1425000,53640.8328513592
"2019_1620",1792105.26315789,51358.6682723951
"2019_1621",1081250,52987.2388144447
"2019_6000",396000,66000
"2019_6085",650000,6097.88953749439
"2019_6097",826090.909090909,29135.7388897496
"2019_6098",676875,50565.0252525253
"2019_7001",858333.333333333,16486.9281045752
"2019_7096",1141666.66666667,22833.3333333333
"2019_7097",941085.714285714,40070.7958183273
"2019_8000",580882.722513089,30415.3589470442
"2019_8098",765000,20234.962406015
